age,language,form,longitudinal,sex,comprehension,production
18,Russian,WS,FALSE,Female,257,257
18,Russian,WS,FALSE,Male,213,213
18,Russian,WS,FALSE,Female,106,106
18,Russian,WS,FALSE,Male,157,157
18,Russian,WS,FALSE,Male,46,46
18,Russian,WS,FALSE,Female,32,32
18,Russian,WS,FALSE,Male,18,18
18,Russian,WS,FALSE,Male,10,10
18,Russian,WS,FALSE,Female,70,70
18,Russian,WS,FALSE,Female,74,74
18,Russian,WS,FALSE,Male,14,14
18,Russian,WS,FALSE,Female,128,128
18,Russian,WS,FALSE,Female,33,33
18,Russian,WS,FALSE,Female,75,75
18,Russian,WS,FALSE,Male,61,61
18,Russian,WS,FALSE,Female,127,127
18,Russian,WS,FALSE,Male,16,16
18,Russian,WS,FALSE,Female,120,120
18,Russian,WS,FALSE,Female,144,144
18,Russian,WS,FALSE,Female,193,193
18,Russian,WS,FALSE,Male,19,19
18,Russian,WS,FALSE,Female,54,54
18,Russian,WS,FALSE,Female,59,59
18,Russian,WS,FALSE,Male,46,46
18,Russian,WS,FALSE,Female,31,31
18,Russian,WS,FALSE,Male,21,21
18,Russian,WS,FALSE,Female,19,19
18,Russian,WS,FALSE,Male,9,9
18,Russian,WS,FALSE,Female,16,16
18,Russian,WS,FALSE,Female,40,40
18,Russian,WS,FALSE,Male,11,11
18,Russian,WS,FALSE,Female,17,17
18,Russian,WS,FALSE,Female,71,71
18,Russian,WS,FALSE,Female,139,139
18,Russian,WS,FALSE,Male,44,44
18,Russian,WS,FALSE,Male,46,46
18,Russian,WS,FALSE,Female,14,14
18,Russian,WS,FALSE,Female,25,25
18,Russian,WS,FALSE,Male,32,32
18,Russian,WS,FALSE,Female,36,36
18,Russian,WS,FALSE,Male,67,67
18,Russian,WS,FALSE,Male,11,11
19,Russian,WS,FALSE,Female,63,63
19,Russian,WS,FALSE,Male,20,20
19,Russian,WS,FALSE,Female,37,37
19,Russian,WS,FALSE,Male,9,9
19,Russian,WS,FALSE,Female,118,118
19,Russian,WS,FALSE,Female,34,34
19,Russian,WS,FALSE,Female,20,20
19,Russian,WS,FALSE,Female,104,104
19,Russian,WS,FALSE,Female,272,272
19,Russian,WS,FALSE,Male,37,37
19,Russian,WS,FALSE,Female,17,17
19,Russian,WS,FALSE,Male,79,79
19,Russian,WS,FALSE,Male,83,83
19,Russian,WS,FALSE,Female,105,105
19,Russian,WS,FALSE,Female,94,94
19,Russian,WS,FALSE,Female,137,137
19,Russian,WS,FALSE,Female,299,299
19,Russian,WS,FALSE,Male,230,230
19,Russian,WS,FALSE,Female,222,222
19,Russian,WS,FALSE,Male,103,103
19,Russian,WS,FALSE,Male,14,14
19,Russian,WS,FALSE,Male,210,210
19,Russian,WS,FALSE,Male,27,27
19,Russian,WS,FALSE,Female,113,113
19,Russian,WS,FALSE,Male,274,274
19,Russian,WS,FALSE,Female,51,51
19,Russian,WS,FALSE,Male,173,173
19,Russian,WS,FALSE,Female,35,35
19,Russian,WS,FALSE,Female,20,20
19,Russian,WS,FALSE,Male,21,21
19,Russian,WS,FALSE,Female,209,209
19,Russian,WS,FALSE,Male,243,243
19,Russian,WS,FALSE,Female,100,100
19,Russian,WS,FALSE,Female,30,30
19,Russian,WS,FALSE,Male,18,18
19,Russian,WS,FALSE,Male,35,35
19,Russian,WS,FALSE,Male,10,10
19,Russian,WS,FALSE,Female,192,192
19,Russian,WS,FALSE,Female,61,61
19,Russian,WS,FALSE,Male,45,45
19,Russian,WS,FALSE,Male,16,16
20,Russian,WS,FALSE,Male,40,40
20,Russian,WS,FALSE,Male,111,111
20,Russian,WS,FALSE,Female,77,77
20,Russian,WS,FALSE,Male,83,83
20,Russian,WS,FALSE,Male,396,396
20,Russian,WS,FALSE,Male,544,544
20,Russian,WS,FALSE,Female,312,312
20,Russian,WS,FALSE,Female,58,58
20,Russian,WS,FALSE,Female,41,41
20,Russian,WS,FALSE,Male,150,150
20,Russian,WS,FALSE,Male,100,100
20,Russian,WS,FALSE,Male,79,79
20,Russian,WS,FALSE,Female,100,100
20,Russian,WS,FALSE,Male,122,122
20,Russian,WS,FALSE,Male,341,341
20,Russian,WS,FALSE,Female,387,387
20,Russian,WS,FALSE,Male,66,66
20,Russian,WS,FALSE,Male,108,108
20,Russian,WS,FALSE,Male,335,335
20,Russian,WS,FALSE,Female,143,143
20,Russian,WS,FALSE,Male,34,34
20,Russian,WS,FALSE,Female,19,19
20,Russian,WS,FALSE,Male,36,36
20,Russian,WS,FALSE,Male,26,26
20,Russian,WS,FALSE,Male,75,75
20,Russian,WS,FALSE,Male,56,56
20,Russian,WS,FALSE,Female,46,46
20,Russian,WS,FALSE,Female,20,20
20,Russian,WS,FALSE,Female,54,54
20,Russian,WS,FALSE,Male,45,45
20,Russian,WS,FALSE,Male,64,64
20,Russian,WS,FALSE,Female,97,97
20,Russian,WS,FALSE,Female,93,93
20,Russian,WS,FALSE,Male,47,47
20,Russian,WS,FALSE,Male,71,71
20,Russian,WS,FALSE,Male,18,18
20,Russian,WS,FALSE,Female,25,25
20,Russian,WS,FALSE,Male,60,60
20,Russian,WS,FALSE,Female,45,45
20,Russian,WS,FALSE,Female,102,102
20,Russian,WS,FALSE,Male,257,257
20,Russian,WS,FALSE,Male,298,298
20,Russian,WS,FALSE,Male,223,223
20,Russian,WS,FALSE,Female,160,160
20,Russian,WS,FALSE,Female,161,161
21,Russian,WS,FALSE,Female,190,190
21,Russian,WS,FALSE,Male,105,105
21,Russian,WS,FALSE,Male,401,401
21,Russian,WS,FALSE,Male,163,163
21,Russian,WS,FALSE,Male,133,133
21,Russian,WS,FALSE,Male,100,100
21,Russian,WS,FALSE,Female,349,349
21,Russian,WS,FALSE,Male,334,334
21,Russian,WS,FALSE,Male,15,15
21,Russian,WS,FALSE,Female,118,118
21,Russian,WS,FALSE,Female,18,18
21,Russian,WS,FALSE,Female,526,526
21,Russian,WS,FALSE,Male,66,66
21,Russian,WS,FALSE,Female,254,254
21,Russian,WS,FALSE,Female,493,493
21,Russian,WS,FALSE,Female,397,397
21,Russian,WS,FALSE,Female,52,52
21,Russian,WS,FALSE,Female,198,198
21,Russian,WS,FALSE,Male,585,585
21,Russian,WS,FALSE,Male,289,289
21,Russian,WS,FALSE,Female,100,100
21,Russian,WS,FALSE,Male,229,229
21,Russian,WS,FALSE,Female,280,280
21,Russian,WS,FALSE,Female,62,62
21,Russian,WS,FALSE,Female,88,88
21,Russian,WS,FALSE,Female,101,101
21,Russian,WS,FALSE,Male,49,49
21,Russian,WS,FALSE,Female,483,483
21,Russian,WS,FALSE,Female,114,114
21,Russian,WS,FALSE,Male,673,673
21,Russian,WS,FALSE,Female,265,265
21,Russian,WS,FALSE,Male,13,13
21,Russian,WS,FALSE,Male,6,6
21,Russian,WS,FALSE,Male,13,13
21,Russian,WS,FALSE,Female,19,19
21,Russian,WS,FALSE,Male,58,58
21,Russian,WS,FALSE,Male,61,61
21,Russian,WS,FALSE,Male,15,15
21,Russian,WS,FALSE,Female,18,18
21,Russian,WS,FALSE,Male,140,140
21,Russian,WS,FALSE,Male,467,467
21,Russian,WS,FALSE,Female,342,342
21,Russian,WS,FALSE,Female,445,445
22,Russian,WS,FALSE,Female,349,349
22,Russian,WS,FALSE,Female,370,370
22,Russian,WS,FALSE,Male,342,342
22,Russian,WS,FALSE,Male,304,304
22,Russian,WS,FALSE,Female,352,352
22,Russian,WS,FALSE,Female,57,57
22,Russian,WS,FALSE,Female,53,53
22,Russian,WS,FALSE,Female,145,145
22,Russian,WS,FALSE,Female,432,432
22,Russian,WS,FALSE,Male,59,59
22,Russian,WS,FALSE,Male,296,296
22,Russian,WS,FALSE,Female,61,61
22,Russian,WS,FALSE,Male,26,26
22,Russian,WS,FALSE,Female,48,48
22,Russian,WS,FALSE,Female,88,88
22,Russian,WS,FALSE,Male,176,176
22,Russian,WS,FALSE,Female,382,382
22,Russian,WS,FALSE,Female,426,426
22,Russian,WS,FALSE,Female,312,312
22,Russian,WS,FALSE,Male,266,266
22,Russian,WS,FALSE,Male,122,122
22,Russian,WS,FALSE,Male,65,65
22,Russian,WS,FALSE,Male,139,139
22,Russian,WS,FALSE,Female,101,101
22,Russian,WS,FALSE,Male,66,66
22,Russian,WS,FALSE,Female,243,243
22,Russian,WS,FALSE,Male,279,279
22,Russian,WS,FALSE,Female,65,65
22,Russian,WS,FALSE,Female,60,60
22,Russian,WS,FALSE,Male,38,38
22,Russian,WS,FALSE,Male,181,181
22,Russian,WS,FALSE,Male,152,152
22,Russian,WS,FALSE,Female,356,356
22,Russian,WS,FALSE,Female,251,251
22,Russian,WS,FALSE,Female,306,306
22,Russian,WS,FALSE,Female,195,195
22,Russian,WS,FALSE,Female,393,393
22,Russian,WS,FALSE,Female,406,406
22,Russian,WS,FALSE,Male,275,275
22,Russian,WS,FALSE,Male,245,245
22,Russian,WS,FALSE,Male,121,121
22,Russian,WS,FALSE,Male,16,16
22,Russian,WS,FALSE,Female,106,106
22,Russian,WS,FALSE,Female,553,553
22,Russian,WS,FALSE,Male,222,222
22,Russian,WS,FALSE,Male,152,152
22,Russian,WS,FALSE,Female,387,387
22,Russian,WS,FALSE,Female,86,86
22,Russian,WS,FALSE,Female,67,67
22,Russian,WS,FALSE,Female,364,364
22,Russian,WS,FALSE,Male,272,272
23,Russian,WS,FALSE,Male,50,50
23,Russian,WS,FALSE,Female,150,150
23,Russian,WS,FALSE,Male,274,274
23,Russian,WS,FALSE,Female,284,284
23,Russian,WS,FALSE,Female,353,353
23,Russian,WS,FALSE,Female,68,68
23,Russian,WS,FALSE,Female,266,266
23,Russian,WS,FALSE,Female,253,253
23,Russian,WS,FALSE,Female,440,440
23,Russian,WS,FALSE,Female,343,343
23,Russian,WS,FALSE,Male,321,321
23,Russian,WS,FALSE,Female,425,425
23,Russian,WS,FALSE,Female,146,146
23,Russian,WS,FALSE,Female,391,391
23,Russian,WS,FALSE,Female,290,290
23,Russian,WS,FALSE,Male,294,294
23,Russian,WS,FALSE,Female,29,29
23,Russian,WS,FALSE,Female,61,61
23,Russian,WS,FALSE,Female,374,374
23,Russian,WS,FALSE,Female,74,74
23,Russian,WS,FALSE,Female,144,144
23,Russian,WS,FALSE,Male,355,355
23,Russian,WS,FALSE,Female,647,647
23,Russian,WS,FALSE,Female,285,285
23,Russian,WS,FALSE,Female,278,278
23,Russian,WS,FALSE,Female,231,231
23,Russian,WS,FALSE,Female,463,463
23,Russian,WS,FALSE,Female,398,398
23,Russian,WS,FALSE,Female,164,164
23,Russian,WS,FALSE,Male,397,397
23,Russian,WS,FALSE,Male,411,411
23,Russian,WS,FALSE,Male,78,78
23,Russian,WS,FALSE,Female,177,177
23,Russian,WS,FALSE,Female,275,275
23,Russian,WS,FALSE,Male,286,286
23,Russian,WS,FALSE,Male,211,211
23,Russian,WS,FALSE,Female,125,125
23,Russian,WS,FALSE,Female,326,326
23,Russian,WS,FALSE,Male,422,422
23,Russian,WS,FALSE,Female,482,482
23,Russian,WS,FALSE,Male,385,385
23,Russian,WS,FALSE,Female,190,190
23,Russian,WS,FALSE,Female,554,554
23,Russian,WS,FALSE,Female,111,111
23,Russian,WS,FALSE,Male,247,247
23,Russian,WS,FALSE,Male,47,47
23,Russian,WS,FALSE,Female,159,159
23,Russian,WS,FALSE,Female,203,203
23,Russian,WS,FALSE,Male,26,26
23,Russian,WS,FALSE,Male,104,104
23,Russian,WS,FALSE,Female,559,559
23,Russian,WS,FALSE,Male,190,190
23,Russian,WS,FALSE,Female,309,309
23,Russian,WS,FALSE,Male,98,98
23,Russian,WS,FALSE,Female,68,68
23,Russian,WS,FALSE,Male,14,14
24,Russian,WS,FALSE,Female,566,566
24,Russian,WS,FALSE,Female,366,366
24,Russian,WS,FALSE,Male,592,592
24,Russian,WS,FALSE,Male,357,357
24,Russian,WS,FALSE,Female,469,469
24,Russian,WS,FALSE,Male,162,162
24,Russian,WS,FALSE,Male,466,466
24,Russian,WS,FALSE,Female,300,300
24,Russian,WS,FALSE,Female,137,137
24,Russian,WS,FALSE,Male,417,417
24,Russian,WS,FALSE,Male,370,370
24,Russian,WS,FALSE,Male,289,289
24,Russian,WS,FALSE,Male,515,515
24,Russian,WS,FALSE,Male,344,344
24,Russian,WS,FALSE,Female,499,499
24,Russian,WS,FALSE,Male,21,21
24,Russian,WS,FALSE,Male,497,497
24,Russian,WS,FALSE,Female,314,314
24,Russian,WS,FALSE,Male,493,493
24,Russian,WS,FALSE,Female,326,326
24,Russian,WS,FALSE,Female,450,450
24,Russian,WS,FALSE,Female,230,230
24,Russian,WS,FALSE,Male,464,464
24,Russian,WS,FALSE,Female,466,466
24,Russian,WS,FALSE,Female,495,495
24,Russian,WS,FALSE,Female,568,568
24,Russian,WS,FALSE,Male,466,466
24,Russian,WS,FALSE,Male,117,117
24,Russian,WS,FALSE,Female,120,120
24,Russian,WS,FALSE,Male,134,134
24,Russian,WS,FALSE,Female,267,267
24,Russian,WS,FALSE,Male,98,98
24,Russian,WS,FALSE,Male,98,98
24,Russian,WS,FALSE,Male,220,220
24,Russian,WS,FALSE,Female,209,209
24,Russian,WS,FALSE,Female,433,433
24,Russian,WS,FALSE,Male,74,74
24,Russian,WS,FALSE,Male,62,62
24,Russian,WS,FALSE,Male,57,57
24,Russian,WS,FALSE,Male,59,59
24,Russian,WS,FALSE,Male,46,46
24,Russian,WS,FALSE,Male,66,66
24,Russian,WS,FALSE,Female,136,136
24,Russian,WS,FALSE,Female,132,132
24,Russian,WS,FALSE,Male,186,186
24,Russian,WS,FALSE,Male,83,83
24,Russian,WS,FALSE,Male,340,340
24,Russian,WS,FALSE,Male,512,512
24,Russian,WS,FALSE,Male,346,346
24,Russian,WS,FALSE,Female,544,544
24,Russian,WS,FALSE,Male,348,348
24,Russian,WS,FALSE,Female,197,197
24,Russian,WS,FALSE,Female,524,524
24,Russian,WS,FALSE,Female,262,262
24,Russian,WS,FALSE,Female,58,58
24,Russian,WS,FALSE,Female,132,132
24,Russian,WS,FALSE,Male,212,212
24,Russian,WS,FALSE,Female,658,658
24,Russian,WS,FALSE,Male,124,124
24,Russian,WS,FALSE,Female,189,189
24,Russian,WS,FALSE,Female,58,58
25,Russian,WS,FALSE,Female,202,202
25,Russian,WS,FALSE,Male,81,81
25,Russian,WS,FALSE,Male,363,363
25,Russian,WS,FALSE,Male,466,466
25,Russian,WS,FALSE,Male,400,400
25,Russian,WS,FALSE,Female,487,487
25,Russian,WS,FALSE,Female,368,368
25,Russian,WS,FALSE,Female,551,551
25,Russian,WS,FALSE,Male,280,280
25,Russian,WS,FALSE,Female,247,247
25,Russian,WS,FALSE,Female,90,90
25,Russian,WS,FALSE,Male,72,72
25,Russian,WS,FALSE,Male,164,164
25,Russian,WS,FALSE,Female,166,166
25,Russian,WS,FALSE,Female,250,250
25,Russian,WS,FALSE,Female,508,508
25,Russian,WS,FALSE,Female,587,587
25,Russian,WS,FALSE,Male,587,587
25,Russian,WS,FALSE,Female,244,244
25,Russian,WS,FALSE,Female,366,366
25,Russian,WS,FALSE,Female,463,463
25,Russian,WS,FALSE,Female,131,131
25,Russian,WS,FALSE,Female,580,580
25,Russian,WS,FALSE,Female,498,498
25,Russian,WS,FALSE,Female,325,325
25,Russian,WS,FALSE,Male,85,85
25,Russian,WS,FALSE,Male,234,234
25,Russian,WS,FALSE,Female,446,446
25,Russian,WS,FALSE,Female,150,150
25,Russian,WS,FALSE,Female,236,236
25,Russian,WS,FALSE,Male,459,459
25,Russian,WS,FALSE,Female,382,382
25,Russian,WS,FALSE,Female,275,275
25,Russian,WS,FALSE,Female,454,454
25,Russian,WS,FALSE,Male,36,36
25,Russian,WS,FALSE,Male,391,391
25,Russian,WS,FALSE,Male,390,390
25,Russian,WS,FALSE,Female,570,570
25,Russian,WS,FALSE,Male,198,198
25,Russian,WS,FALSE,Male,92,92
25,Russian,WS,FALSE,Male,336,336
25,Russian,WS,FALSE,Male,263,263
25,Russian,WS,FALSE,Female,354,354
25,Russian,WS,FALSE,Female,579,579
25,Russian,WS,FALSE,Female,483,483
25,Russian,WS,FALSE,Female,169,169
25,Russian,WS,FALSE,Female,442,442
25,Russian,WS,FALSE,Female,586,586
25,Russian,WS,FALSE,Female,427,427
25,Russian,WS,FALSE,Male,194,194
25,Russian,WS,FALSE,Female,203,203
25,Russian,WS,FALSE,Female,538,538
25,Russian,WS,FALSE,Female,394,394
25,Russian,WS,FALSE,Female,330,330
25,Russian,WS,FALSE,Female,204,204
25,Russian,WS,FALSE,Male,322,322
25,Russian,WS,FALSE,Female,155,155
25,Russian,WS,FALSE,Female,231,231
25,Russian,WS,FALSE,Male,336,336
25,Russian,WS,FALSE,Male,252,252
25,Russian,WS,FALSE,Male,302,302
25,Russian,WS,FALSE,Male,359,359
25,Russian,WS,FALSE,Male,134,134
25,Russian,WS,FALSE,Female,508,508
25,Russian,WS,FALSE,Male,87,87
25,Russian,WS,FALSE,Male,276,276
26,Russian,WS,FALSE,Female,164,164
26,Russian,WS,FALSE,Male,158,158
26,Russian,WS,FALSE,Male,582,582
26,Russian,WS,FALSE,Male,58,58
26,Russian,WS,FALSE,Male,212,212
26,Russian,WS,FALSE,Male,208,208
26,Russian,WS,FALSE,Female,426,426
26,Russian,WS,FALSE,Female,43,43
26,Russian,WS,FALSE,Male,370,370
26,Russian,WS,FALSE,Male,402,402
26,Russian,WS,FALSE,Female,462,462
26,Russian,WS,FALSE,Male,370,370
26,Russian,WS,FALSE,Female,669,669
26,Russian,WS,FALSE,Female,419,419
26,Russian,WS,FALSE,Female,368,368
26,Russian,WS,FALSE,Female,384,384
26,Russian,WS,FALSE,Female,166,166
26,Russian,WS,FALSE,Female,389,389
26,Russian,WS,FALSE,Male,153,153
26,Russian,WS,FALSE,Male,428,428
26,Russian,WS,FALSE,Female,427,427
26,Russian,WS,FALSE,Female,365,365
26,Russian,WS,FALSE,Female,365,365
26,Russian,WS,FALSE,Male,431,431
26,Russian,WS,FALSE,Female,66,66
26,Russian,WS,FALSE,Female,547,547
26,Russian,WS,FALSE,Male,75,75
26,Russian,WS,FALSE,Female,225,225
26,Russian,WS,FALSE,Male,503,503
26,Russian,WS,FALSE,Female,486,486
26,Russian,WS,FALSE,Female,512,512
26,Russian,WS,FALSE,Male,306,306
26,Russian,WS,FALSE,Male,276,276
26,Russian,WS,FALSE,Male,92,92
26,Russian,WS,FALSE,Female,187,187
26,Russian,WS,FALSE,Male,378,378
26,Russian,WS,FALSE,Male,653,653
26,Russian,WS,FALSE,Female,78,78
26,Russian,WS,FALSE,Female,146,146
26,Russian,WS,FALSE,Male,225,225
26,Russian,WS,FALSE,Male,211,211
26,Russian,WS,FALSE,Male,217,217
26,Russian,WS,FALSE,Female,444,444
26,Russian,WS,FALSE,Male,246,246
26,Russian,WS,FALSE,Female,462,462
26,Russian,WS,FALSE,Male,475,475
26,Russian,WS,FALSE,Female,53,53
26,Russian,WS,FALSE,Female,552,552
26,Russian,WS,FALSE,Female,416,416
26,Russian,WS,FALSE,Male,449,449
26,Russian,WS,FALSE,Male,77,77
26,Russian,WS,FALSE,Male,357,357
27,Russian,WS,FALSE,Female,308,308
27,Russian,WS,FALSE,Male,529,529
27,Russian,WS,FALSE,Female,586,586
27,Russian,WS,FALSE,Female,604,604
27,Russian,WS,FALSE,Female,582,582
27,Russian,WS,FALSE,Female,527,527
27,Russian,WS,FALSE,Female,419,419
27,Russian,WS,FALSE,Male,204,204
27,Russian,WS,FALSE,Female,685,685
27,Russian,WS,FALSE,Male,587,587
27,Russian,WS,FALSE,Male,277,277
27,Russian,WS,FALSE,Male,412,412
27,Russian,WS,FALSE,Male,256,256
27,Russian,WS,FALSE,Male,398,398
27,Russian,WS,FALSE,Male,280,280
27,Russian,WS,FALSE,Female,672,672
27,Russian,WS,FALSE,Female,532,532
27,Russian,WS,FALSE,Female,337,337
27,Russian,WS,FALSE,Male,451,451
27,Russian,WS,FALSE,Female,204,204
27,Russian,WS,FALSE,Female,68,68
27,Russian,WS,FALSE,Male,635,635
27,Russian,WS,FALSE,Female,240,240
27,Russian,WS,FALSE,Female,186,186
27,Russian,WS,FALSE,Male,508,508
27,Russian,WS,FALSE,Female,113,113
27,Russian,WS,FALSE,Male,160,160
27,Russian,WS,FALSE,Male,97,97
27,Russian,WS,FALSE,Female,681,681
27,Russian,WS,FALSE,Female,269,269
27,Russian,WS,FALSE,Male,67,67
27,Russian,WS,FALSE,Male,229,229
27,Russian,WS,FALSE,Male,100,100
27,Russian,WS,FALSE,Female,671,671
27,Russian,WS,FALSE,Female,308,308
27,Russian,WS,FALSE,Female,487,487
27,Russian,WS,FALSE,Female,480,480
27,Russian,WS,FALSE,Male,658,658
27,Russian,WS,FALSE,Male,660,660
27,Russian,WS,FALSE,Female,156,156
27,Russian,WS,FALSE,Male,550,550
27,Russian,WS,FALSE,Male,179,179
27,Russian,WS,FALSE,Female,265,265
27,Russian,WS,FALSE,Female,540,540
27,Russian,WS,FALSE,Female,347,347
27,Russian,WS,FALSE,Female,612,612
27,Russian,WS,FALSE,Female,370,370
27,Russian,WS,FALSE,Female,638,638
27,Russian,WS,FALSE,Female,153,153
27,Russian,WS,FALSE,Female,582,582
27,Russian,WS,FALSE,Male,38,38
27,Russian,WS,FALSE,Male,194,194
27,Russian,WS,FALSE,Female,572,572
27,Russian,WS,FALSE,Female,504,504
27,Russian,WS,FALSE,Male,14,14
27,Russian,WS,FALSE,Female,84,84
27,Russian,WS,FALSE,Female,89,89
27,Russian,WS,FALSE,Female,673,673
27,Russian,WS,FALSE,Female,172,172
27,Russian,WS,FALSE,Female,171,171
28,Russian,WS,FALSE,Female,564,564
28,Russian,WS,FALSE,Female,473,473
28,Russian,WS,FALSE,Female,524,524
28,Russian,WS,FALSE,Male,480,480
28,Russian,WS,FALSE,Female,520,520
28,Russian,WS,FALSE,Female,668,668
28,Russian,WS,FALSE,Female,360,360
28,Russian,WS,FALSE,Female,378,378
28,Russian,WS,FALSE,Male,225,225
28,Russian,WS,FALSE,Female,629,629
28,Russian,WS,FALSE,Female,450,450
28,Russian,WS,FALSE,Male,473,473
28,Russian,WS,FALSE,Male,234,234
28,Russian,WS,FALSE,Male,574,574
28,Russian,WS,FALSE,Male,23,23
28,Russian,WS,FALSE,Female,488,488
28,Russian,WS,FALSE,Male,372,372
28,Russian,WS,FALSE,Male,328,328
28,Russian,WS,FALSE,Female,567,567
28,Russian,WS,FALSE,Male,151,151
28,Russian,WS,FALSE,Male,278,278
28,Russian,WS,FALSE,Male,460,460
28,Russian,WS,FALSE,Male,30,30
28,Russian,WS,FALSE,Male,300,300
28,Russian,WS,FALSE,Male,508,508
28,Russian,WS,FALSE,Male,518,518
28,Russian,WS,FALSE,Female,489,489
28,Russian,WS,FALSE,Female,543,543
28,Russian,WS,FALSE,Male,306,306
28,Russian,WS,FALSE,Male,179,179
28,Russian,WS,FALSE,Female,200,200
28,Russian,WS,FALSE,Female,509,509
28,Russian,WS,FALSE,Male,75,75
28,Russian,WS,FALSE,Male,269,269
28,Russian,WS,FALSE,Female,304,304
28,Russian,WS,FALSE,Female,589,589
28,Russian,WS,FALSE,Female,374,374
28,Russian,WS,FALSE,Female,630,630
28,Russian,WS,FALSE,Male,565,565
28,Russian,WS,FALSE,Male,491,491
28,Russian,WS,FALSE,Male,440,440
28,Russian,WS,FALSE,Female,328,328
28,Russian,WS,FALSE,Female,615,615
28,Russian,WS,FALSE,Female,683,683
28,Russian,WS,FALSE,Female,358,358
28,Russian,WS,FALSE,Male,542,542
28,Russian,WS,FALSE,Male,108,108
28,Russian,WS,FALSE,Female,354,354
28,Russian,WS,FALSE,Male,109,109
28,Russian,WS,FALSE,Male,394,394
28,Russian,WS,FALSE,Male,463,463
28,Russian,WS,FALSE,Female,105,105
28,Russian,WS,FALSE,Female,436,436
28,Russian,WS,FALSE,Male,511,511
28,Russian,WS,FALSE,Male,638,638
28,Russian,WS,FALSE,Male,332,332
28,Russian,WS,FALSE,Female,572,572
28,Russian,WS,FALSE,Male,364,364
28,Russian,WS,FALSE,Male,383,383
28,Russian,WS,FALSE,Female,654,654
29,Russian,WS,FALSE,Male,426,426
29,Russian,WS,FALSE,Female,171,171
29,Russian,WS,FALSE,Female,622,622
29,Russian,WS,FALSE,Male,641,641
29,Russian,WS,FALSE,Male,562,562
29,Russian,WS,FALSE,Male,324,324
29,Russian,WS,FALSE,Female,680,680
29,Russian,WS,FALSE,Female,348,348
29,Russian,WS,FALSE,Female,470,470
29,Russian,WS,FALSE,Female,571,571
29,Russian,WS,FALSE,Female,635,635
29,Russian,WS,FALSE,Female,538,538
29,Russian,WS,FALSE,Female,606,606
29,Russian,WS,FALSE,Female,629,629
29,Russian,WS,FALSE,Male,222,222
29,Russian,WS,FALSE,Female,279,279
29,Russian,WS,FALSE,Female,558,558
29,Russian,WS,FALSE,Male,215,215
29,Russian,WS,FALSE,Female,524,524
29,Russian,WS,FALSE,Male,446,446
29,Russian,WS,FALSE,Male,588,588
29,Russian,WS,FALSE,Female,549,549
29,Russian,WS,FALSE,Male,262,262
29,Russian,WS,FALSE,Female,622,622
29,Russian,WS,FALSE,Male,274,274
29,Russian,WS,FALSE,Male,657,657
29,Russian,WS,FALSE,Male,375,375
29,Russian,WS,FALSE,Female,371,371
29,Russian,WS,FALSE,Male,674,674
29,Russian,WS,FALSE,Male,461,461
29,Russian,WS,FALSE,Female,442,442
29,Russian,WS,FALSE,Male,564,564
29,Russian,WS,FALSE,Female,267,267
29,Russian,WS,FALSE,Female,566,566
29,Russian,WS,FALSE,Female,533,533
29,Russian,WS,FALSE,Female,539,539
29,Russian,WS,FALSE,Female,560,560
29,Russian,WS,FALSE,Male,411,411
29,Russian,WS,FALSE,Male,306,306
29,Russian,WS,FALSE,Female,366,366
29,Russian,WS,FALSE,Male,292,292
29,Russian,WS,FALSE,Male,323,323
29,Russian,WS,FALSE,Male,592,592
29,Russian,WS,FALSE,Female,362,362
29,Russian,WS,FALSE,Male,639,639
29,Russian,WS,FALSE,Male,479,479
29,Russian,WS,FALSE,Male,190,190
29,Russian,WS,FALSE,Female,543,543
29,Russian,WS,FALSE,Male,452,452
29,Russian,WS,FALSE,Female,591,591
29,Russian,WS,FALSE,Female,254,254
29,Russian,WS,FALSE,Male,392,392
29,Russian,WS,FALSE,Male,425,425
29,Russian,WS,FALSE,Female,662,662
29,Russian,WS,FALSE,Female,470,470
29,Russian,WS,FALSE,Female,455,455
29,Russian,WS,FALSE,Male,727,727
30,Russian,WS,FALSE,Female,610,610
30,Russian,WS,FALSE,Male,453,453
30,Russian,WS,FALSE,Female,592,592
30,Russian,WS,FALSE,Female,521,521
30,Russian,WS,FALSE,Male,654,654
30,Russian,WS,FALSE,Female,203,203
30,Russian,WS,FALSE,Female,623,623
30,Russian,WS,FALSE,Male,562,562
30,Russian,WS,FALSE,Female,329,329
30,Russian,WS,FALSE,Female,669,669
30,Russian,WS,FALSE,Female,550,550
30,Russian,WS,FALSE,Female,401,401
30,Russian,WS,FALSE,Female,585,585
30,Russian,WS,FALSE,Female,617,617
30,Russian,WS,FALSE,Male,428,428
30,Russian,WS,FALSE,Male,365,365
30,Russian,WS,FALSE,Female,328,328
30,Russian,WS,FALSE,Female,570,570
30,Russian,WS,FALSE,Male,510,510
30,Russian,WS,FALSE,Female,601,601
30,Russian,WS,FALSE,Female,509,509
30,Russian,WS,FALSE,Female,411,411
30,Russian,WS,FALSE,Male,118,118
30,Russian,WS,FALSE,Female,587,587
30,Russian,WS,FALSE,Male,370,370
30,Russian,WS,FALSE,Female,677,677
30,Russian,WS,FALSE,Female,568,568
30,Russian,WS,FALSE,Male,626,626
30,Russian,WS,FALSE,Male,641,641
30,Russian,WS,FALSE,Female,460,460
30,Russian,WS,FALSE,Male,82,82
30,Russian,WS,FALSE,Male,193,193
30,Russian,WS,FALSE,Male,554,554
30,Russian,WS,FALSE,Male,622,622
30,Russian,WS,FALSE,Male,113,113
30,Russian,WS,FALSE,Male,264,264
30,Russian,WS,FALSE,Male,463,463
30,Russian,WS,FALSE,Male,135,135
30,Russian,WS,FALSE,Female,340,340
30,Russian,WS,FALSE,Male,167,167
30,Russian,WS,FALSE,Female,318,318
30,Russian,WS,FALSE,Male,403,403
30,Russian,WS,FALSE,Female,306,306
30,Russian,WS,FALSE,Female,551,551
30,Russian,WS,FALSE,Female,446,446
30,Russian,WS,FALSE,Female,586,586
30,Russian,WS,FALSE,Male,381,381
30,Russian,WS,FALSE,Female,592,592
30,Russian,WS,FALSE,Male,629,629
30,Russian,WS,FALSE,Female,410,410
30,Russian,WS,FALSE,Male,433,433
30,Russian,WS,FALSE,Female,533,533
30,Russian,WS,FALSE,Male,603,603
30,Russian,WS,FALSE,Female,352,352
30,Russian,WS,FALSE,Female,545,545
30,Russian,WS,FALSE,Female,582,582
30,Russian,WS,FALSE,Female,271,271
30,Russian,WS,FALSE,Male,616,616
30,Russian,WS,FALSE,Female,526,526
30,Russian,WS,FALSE,Male,411,411
30,Russian,WS,FALSE,Female,315,315
30,Russian,WS,FALSE,Male,691,691
30,Russian,WS,FALSE,Female,526,526
30,Russian,WS,FALSE,Female,376,376
30,Russian,WS,FALSE,Female,224,224
30,Russian,WS,FALSE,Female,116,116
30,Russian,WS,FALSE,Male,464,464
30,Russian,WS,FALSE,Female,220,220
30,Russian,WS,FALSE,Male,644,644
30,Russian,WS,FALSE,Male,553,553
30,Russian,WS,FALSE,Male,118,118
30,Russian,WS,FALSE,Female,635,635
30,Russian,WS,FALSE,Male,67,67
30,Russian,WS,FALSE,Female,644,644
30,Russian,WS,FALSE,Male,358,358
30,Russian,WS,FALSE,Male,525,525
30,Russian,WS,FALSE,Male,55,55
31,Russian,WS,FALSE,Female,575,575
31,Russian,WS,FALSE,Female,516,516
31,Russian,WS,FALSE,Male,662,662
31,Russian,WS,FALSE,Male,303,303
31,Russian,WS,FALSE,Male,670,670
31,Russian,WS,FALSE,Male,336,336
31,Russian,WS,FALSE,Male,333,333
31,Russian,WS,FALSE,Male,629,629
31,Russian,WS,FALSE,Male,680,680
31,Russian,WS,FALSE,Female,650,650
31,Russian,WS,FALSE,Female,253,253
31,Russian,WS,FALSE,Female,629,629
31,Russian,WS,FALSE,Female,599,599
31,Russian,WS,FALSE,Male,555,555
31,Russian,WS,FALSE,Male,583,583
31,Russian,WS,FALSE,Male,197,197
31,Russian,WS,FALSE,Female,645,645
31,Russian,WS,FALSE,Male,173,173
31,Russian,WS,FALSE,Female,491,491
31,Russian,WS,FALSE,Female,558,558
31,Russian,WS,FALSE,Male,414,414
31,Russian,WS,FALSE,Female,485,485
31,Russian,WS,FALSE,Female,648,648
31,Russian,WS,FALSE,Male,513,513
31,Russian,WS,FALSE,Male,624,624
31,Russian,WS,FALSE,Male,442,442
31,Russian,WS,FALSE,Female,667,667
31,Russian,WS,FALSE,Female,488,488
31,Russian,WS,FALSE,Female,286,286
31,Russian,WS,FALSE,Female,375,375
31,Russian,WS,FALSE,Female,644,644
31,Russian,WS,FALSE,Male,419,419
31,Russian,WS,FALSE,Female,653,653
31,Russian,WS,FALSE,Female,522,522
31,Russian,WS,FALSE,Male,218,218
31,Russian,WS,FALSE,Female,551,551
31,Russian,WS,FALSE,Female,526,526
31,Russian,WS,FALSE,Male,587,587
31,Russian,WS,FALSE,Male,61,61
31,Russian,WS,FALSE,Male,567,567
31,Russian,WS,FALSE,Female,206,206
31,Russian,WS,FALSE,Male,583,583
31,Russian,WS,FALSE,Female,195,195
31,Russian,WS,FALSE,Female,447,447
31,Russian,WS,FALSE,Female,548,548
31,Russian,WS,FALSE,Male,295,295
31,Russian,WS,FALSE,Female,480,480
31,Russian,WS,FALSE,Female,648,648
31,Russian,WS,FALSE,Male,672,672
31,Russian,WS,FALSE,Male,572,572
31,Russian,WS,FALSE,Female,294,294
31,Russian,WS,FALSE,Male,440,440
31,Russian,WS,FALSE,Male,422,422
31,Russian,WS,FALSE,Male,639,639
31,Russian,WS,FALSE,Male,549,549
31,Russian,WS,FALSE,Female,605,605
31,Russian,WS,FALSE,Female,548,548
31,Russian,WS,FALSE,Female,409,409
31,Russian,WS,FALSE,Female,638,638
31,Russian,WS,FALSE,Female,678,678
31,Russian,WS,FALSE,Male,318,318
32,Russian,WS,FALSE,Female,443,443
32,Russian,WS,FALSE,Male,598,598
32,Russian,WS,FALSE,Male,610,610
32,Russian,WS,FALSE,Male,159,159
32,Russian,WS,FALSE,Female,370,370
32,Russian,WS,FALSE,Female,283,283
32,Russian,WS,FALSE,Female,641,641
32,Russian,WS,FALSE,Female,251,251
32,Russian,WS,FALSE,Male,662,662
32,Russian,WS,FALSE,Male,399,399
32,Russian,WS,FALSE,Female,201,201
32,Russian,WS,FALSE,Male,534,534
32,Russian,WS,FALSE,Female,631,631
32,Russian,WS,FALSE,Female,653,653
32,Russian,WS,FALSE,Female,635,635
32,Russian,WS,FALSE,Male,245,245
32,Russian,WS,FALSE,Male,644,644
32,Russian,WS,FALSE,Female,381,381
32,Russian,WS,FALSE,Male,406,406
32,Russian,WS,FALSE,Male,262,262
32,Russian,WS,FALSE,Female,657,657
32,Russian,WS,FALSE,Female,496,496
32,Russian,WS,FALSE,Male,624,624
32,Russian,WS,FALSE,Male,688,688
32,Russian,WS,FALSE,Female,605,605
32,Russian,WS,FALSE,Female,683,683
32,Russian,WS,FALSE,Male,521,521
32,Russian,WS,FALSE,Male,656,656
32,Russian,WS,FALSE,Female,543,543
32,Russian,WS,FALSE,Female,556,556
32,Russian,WS,FALSE,Male,620,620
32,Russian,WS,FALSE,Female,442,442
32,Russian,WS,FALSE,Female,504,504
32,Russian,WS,FALSE,Male,671,671
32,Russian,WS,FALSE,Female,683,683
32,Russian,WS,FALSE,Male,513,513
32,Russian,WS,FALSE,Male,604,604
32,Russian,WS,FALSE,Male,526,526
32,Russian,WS,FALSE,Male,523,523
32,Russian,WS,FALSE,Male,443,443
32,Russian,WS,FALSE,Female,211,211
32,Russian,WS,FALSE,Female,601,601
32,Russian,WS,FALSE,Female,579,579
32,Russian,WS,FALSE,Male,169,169
32,Russian,WS,FALSE,Female,131,131
32,Russian,WS,FALSE,Male,674,674
32,Russian,WS,FALSE,Male,152,152
32,Russian,WS,FALSE,Female,579,579
32,Russian,WS,FALSE,Female,565,565
32,Russian,WS,FALSE,Female,673,673
32,Russian,WS,FALSE,Female,478,478
32,Russian,WS,FALSE,Female,566,566
32,Russian,WS,FALSE,Female,550,550
32,Russian,WS,FALSE,Male,524,524
32,Russian,WS,FALSE,Male,697,697
33,Russian,WS,FALSE,Female,663,663
33,Russian,WS,FALSE,Male,664,664
33,Russian,WS,FALSE,Female,624,624
33,Russian,WS,FALSE,Male,304,304
33,Russian,WS,FALSE,Female,608,608
33,Russian,WS,FALSE,Male,142,142
33,Russian,WS,FALSE,Male,70,70
33,Russian,WS,FALSE,Male,545,545
33,Russian,WS,FALSE,Male,404,404
33,Russian,WS,FALSE,Male,173,173
33,Russian,WS,FALSE,Female,659,659
33,Russian,WS,FALSE,Male,682,682
33,Russian,WS,FALSE,Male,304,304
33,Russian,WS,FALSE,Male,664,664
33,Russian,WS,FALSE,Male,466,466
33,Russian,WS,FALSE,Female,654,654
33,Russian,WS,FALSE,Male,551,551
33,Russian,WS,FALSE,Female,584,584
33,Russian,WS,FALSE,Female,662,662
33,Russian,WS,FALSE,Male,682,682
33,Russian,WS,FALSE,Female,422,422
33,Russian,WS,FALSE,Male,639,639
33,Russian,WS,FALSE,Male,673,673
33,Russian,WS,FALSE,Female,576,576
33,Russian,WS,FALSE,Female,551,551
33,Russian,WS,FALSE,Female,652,652
33,Russian,WS,FALSE,Male,172,172
33,Russian,WS,FALSE,Male,363,363
33,Russian,WS,FALSE,Female,366,366
33,Russian,WS,FALSE,Female,613,613
33,Russian,WS,FALSE,Female,475,475
33,Russian,WS,FALSE,Female,637,637
33,Russian,WS,FALSE,Female,598,598
33,Russian,WS,FALSE,Male,653,653
33,Russian,WS,FALSE,Male,684,684
33,Russian,WS,FALSE,Female,681,681
33,Russian,WS,FALSE,Male,617,617
33,Russian,WS,FALSE,Female,369,369
33,Russian,WS,FALSE,Female,451,451
33,Russian,WS,FALSE,Female,622,622
33,Russian,WS,FALSE,Male,665,665
33,Russian,WS,FALSE,Female,371,371
33,Russian,WS,FALSE,Female,517,517
33,Russian,WS,FALSE,Male,452,452
33,Russian,WS,FALSE,Male,667,667
33,Russian,WS,FALSE,Male,681,681
33,Russian,WS,FALSE,Male,627,627
33,Russian,WS,FALSE,Female,517,517
33,Russian,WS,FALSE,Female,245,245
33,Russian,WS,FALSE,Male,521,521
33,Russian,WS,FALSE,Female,670,670
33,Russian,WS,FALSE,Male,650,650
33,Russian,WS,FALSE,Male,290,290
33,Russian,WS,FALSE,Female,446,446
33,Russian,WS,FALSE,Female,373,373
34,Russian,WS,FALSE,Female,661,661
34,Russian,WS,FALSE,Male,410,410
34,Russian,WS,FALSE,Male,514,514
34,Russian,WS,FALSE,Male,76,76
34,Russian,WS,FALSE,Male,547,547
34,Russian,WS,FALSE,Male,538,538
34,Russian,WS,FALSE,Male,613,613
34,Russian,WS,FALSE,Male,456,456
34,Russian,WS,FALSE,Male,493,493
34,Russian,WS,FALSE,Female,419,419
34,Russian,WS,FALSE,Male,599,599
34,Russian,WS,FALSE,Male,495,495
34,Russian,WS,FALSE,Female,404,404
34,Russian,WS,FALSE,Male,620,620
34,Russian,WS,FALSE,Male,542,542
34,Russian,WS,FALSE,Female,576,576
34,Russian,WS,FALSE,Female,621,621
34,Russian,WS,FALSE,Female,592,592
34,Russian,WS,FALSE,Female,661,661
34,Russian,WS,FALSE,Male,670,670
34,Russian,WS,FALSE,Female,666,666
34,Russian,WS,FALSE,Male,609,609
34,Russian,WS,FALSE,Female,681,681
34,Russian,WS,FALSE,Female,680,680
34,Russian,WS,FALSE,Male,472,472
34,Russian,WS,FALSE,Male,395,395
34,Russian,WS,FALSE,Male,575,575
34,Russian,WS,FALSE,Female,626,626
34,Russian,WS,FALSE,Male,473,473
34,Russian,WS,FALSE,Male,574,574
34,Russian,WS,FALSE,Male,279,279
34,Russian,WS,FALSE,Female,435,435
34,Russian,WS,FALSE,Female,512,512
34,Russian,WS,FALSE,Female,512,512
34,Russian,WS,FALSE,Female,683,683
34,Russian,WS,FALSE,Female,513,513
34,Russian,WS,FALSE,Female,669,669
34,Russian,WS,FALSE,Female,620,620
34,Russian,WS,FALSE,Female,484,484
34,Russian,WS,FALSE,Female,644,644
34,Russian,WS,FALSE,Female,575,575
34,Russian,WS,FALSE,Male,663,663
34,Russian,WS,FALSE,Female,628,628
34,Russian,WS,FALSE,Male,395,395
34,Russian,WS,FALSE,Female,121,121
34,Russian,WS,FALSE,Male,625,625
34,Russian,WS,FALSE,Male,157,157
34,Russian,WS,FALSE,Male,458,458
34,Russian,WS,FALSE,Male,205,205
34,Russian,WS,FALSE,Female,566,566
34,Russian,WS,FALSE,Female,508,508
34,Russian,WS,FALSE,Female,686,686
34,Russian,WS,FALSE,Female,621,621
34,Russian,WS,FALSE,Female,586,586
34,Russian,WS,FALSE,Male,516,516
34,Russian,WS,FALSE,Female,540,540
34,Russian,WS,FALSE,Female,489,489
34,Russian,WS,FALSE,Female,595,595
35,Russian,WS,FALSE,Male,470,470
35,Russian,WS,FALSE,Male,479,479
35,Russian,WS,FALSE,Female,537,537
35,Russian,WS,FALSE,Female,562,562
35,Russian,WS,FALSE,Female,617,617
35,Russian,WS,FALSE,Male,679,679
35,Russian,WS,FALSE,Male,630,630
35,Russian,WS,FALSE,Male,557,557
35,Russian,WS,FALSE,Female,657,657
35,Russian,WS,FALSE,Female,689,689
35,Russian,WS,FALSE,Male,512,512
35,Russian,WS,FALSE,Female,225,225
35,Russian,WS,FALSE,Female,680,680
35,Russian,WS,FALSE,Female,474,474
35,Russian,WS,FALSE,Female,681,681
35,Russian,WS,FALSE,Female,90,90
35,Russian,WS,FALSE,Male,405,405
35,Russian,WS,FALSE,Female,179,179
35,Russian,WS,FALSE,Male,463,463
35,Russian,WS,FALSE,Female,606,606
35,Russian,WS,FALSE,Male,609,609
35,Russian,WS,FALSE,Male,648,648
35,Russian,WS,FALSE,Male,233,233
35,Russian,WS,FALSE,Male,365,365
35,Russian,WS,FALSE,Male,568,568
35,Russian,WS,FALSE,Female,608,608
35,Russian,WS,FALSE,Male,418,418
35,Russian,WS,FALSE,Male,663,663
35,Russian,WS,FALSE,Male,616,616
35,Russian,WS,FALSE,Female,673,673
35,Russian,WS,FALSE,Female,566,566
35,Russian,WS,FALSE,Male,633,633
35,Russian,WS,FALSE,Male,336,336
35,Russian,WS,FALSE,Male,506,506
35,Russian,WS,FALSE,Female,652,652
35,Russian,WS,FALSE,Male,621,621
35,Russian,WS,FALSE,Female,629,629
35,Russian,WS,FALSE,Female,589,589
35,Russian,WS,FALSE,Female,546,546
35,Russian,WS,FALSE,Female,691,691
35,Russian,WS,FALSE,Male,657,657
35,Russian,WS,FALSE,Male,637,637
35,Russian,WS,FALSE,Male,417,417
35,Russian,WS,FALSE,Female,620,620
35,Russian,WS,FALSE,Male,566,566
35,Russian,WS,FALSE,Female,342,342
35,Russian,WS,FALSE,Male,382,382
36,Russian,WS,FALSE,Female,674,674
36,Russian,WS,FALSE,Male,668,668
36,Russian,WS,FALSE,Male,640,640
36,Russian,WS,FALSE,Male,574,574
36,Russian,WS,FALSE,Female,661,661
36,Russian,WS,FALSE,Female,587,587
36,Russian,WS,FALSE,Male,522,522
36,Russian,WS,FALSE,Male,651,651
36,Russian,WS,FALSE,Female,686,686
36,Russian,WS,FALSE,Male,476,476
36,Russian,WS,FALSE,Male,414,414
36,Russian,WS,FALSE,Male,655,655
36,Russian,WS,FALSE,Male,540,540
36,Russian,WS,FALSE,Female,456,456
36,Russian,WS,FALSE,Female,359,359
36,Russian,WS,FALSE,Male,389,389
36,Russian,WS,FALSE,Female,618,618
36,Russian,WS,FALSE,Male,590,590
36,Russian,WS,FALSE,Female,454,454
36,Russian,WS,FALSE,Female,688,688
36,Russian,WS,FALSE,Female,304,304
36,Russian,WS,FALSE,Female,679,679
36,Russian,WS,FALSE,Male,519,519
36,Russian,WS,FALSE,Male,664,664
36,Russian,WS,FALSE,Female,368,368
36,Russian,WS,FALSE,Female,614,614
36,Russian,WS,FALSE,Female,665,665
36,Russian,WS,FALSE,Male,335,335
36,Russian,WS,FALSE,Female,498,498
36,Russian,WS,FALSE,Male,274,274
36,Russian,WS,FALSE,Female,622,622
36,Russian,WS,FALSE,Female,664,664
36,Russian,WS,FALSE,Male,677,677
36,Russian,WS,FALSE,Female,656,656
36,Russian,WS,FALSE,Male,634,634
36,Russian,WS,FALSE,Female,514,514
36,Russian,WS,FALSE,Male,681,681
36,Russian,WS,FALSE,Female,439,439
36,Russian,WS,FALSE,Male,683,683
36,Russian,WS,FALSE,Male,582,582
36,Russian,WS,FALSE,Female,263,263
36,Russian,WS,FALSE,Female,681,681
36,Russian,WS,FALSE,Female,497,497
36,Russian,WS,FALSE,Female,433,433
36,Russian,WS,FALSE,Female,675,675
36,Russian,WS,FALSE,Female,638,638
36,Russian,WS,FALSE,Female,670,670
36,Russian,WS,FALSE,Male,564,564
36,Russian,WS,FALSE,Male,690,690
17,Cantonese,WS,FALSE,Male,19,19
29,Cantonese,WS,FALSE,Female,600,600
16,Cantonese,WS,FALSE,Male,27,27
16,Cantonese,WS,FALSE,Male,29,29
16,Cantonese,WS,FALSE,Male,8,8
16,Cantonese,WS,FALSE,Female,4,4
16,Cantonese,WS,FALSE,Female,7,7
16,Cantonese,WS,FALSE,Female,36,36
16,Cantonese,WS,FALSE,Female,3,3
16,Cantonese,WS,FALSE,Female,74,74
17,Cantonese,WS,FALSE,Male,113,113
17,Cantonese,WS,FALSE,Male,61,61
17,Cantonese,WS,FALSE,Male,25,25
17,Cantonese,WS,FALSE,Male,6,6
17,Cantonese,WS,FALSE,Male,27,27
17,Cantonese,WS,FALSE,Male,66,66
17,Cantonese,WS,FALSE,Male,8,8
17,Cantonese,WS,FALSE,Female,7,7
17,Cantonese,WS,FALSE,Female,53,53
17,Cantonese,WS,FALSE,Female,44,44
17,Cantonese,WS,FALSE,Female,2,2
17,Cantonese,WS,FALSE,Female,18,18
17,Cantonese,WS,FALSE,Female,9,9
17,Cantonese,WS,FALSE,Female,214,214
18,Cantonese,WS,FALSE,Male,31,31
18,Cantonese,WS,FALSE,Male,31,31
18,Cantonese,WS,FALSE,Male,60,60
18,Cantonese,WS,FALSE,Male,150,150
18,Cantonese,WS,FALSE,Male,17,17
18,Cantonese,WS,FALSE,Male,99,99
18,Cantonese,WS,FALSE,Male,219,219
18,Cantonese,WS,FALSE,Female,118,118
18,Cantonese,WS,FALSE,Female,109,109
18,Cantonese,WS,FALSE,Female,7,7
18,Cantonese,WS,FALSE,Female,101,101
18,Cantonese,WS,FALSE,Female,26,26
18,Cantonese,WS,FALSE,Female,105,105
18,Cantonese,WS,FALSE,Female,238,238
19,Cantonese,WS,FALSE,Male,8,8
19,Cantonese,WS,FALSE,Male,20,20
19,Cantonese,WS,FALSE,Male,7,7
19,Cantonese,WS,FALSE,Male,15,15
19,Cantonese,WS,FALSE,Male,9,9
19,Cantonese,WS,FALSE,Male,409,409
19,Cantonese,WS,FALSE,Male,121,121
19,Cantonese,WS,FALSE,Female,61,61
19,Cantonese,WS,FALSE,Female,17,17
19,Cantonese,WS,FALSE,Female,78,78
19,Cantonese,WS,FALSE,Female,107,107
19,Cantonese,WS,FALSE,Female,254,254
19,Cantonese,WS,FALSE,Female,169,169
19,Cantonese,WS,FALSE,Female,6,6
20,Cantonese,WS,FALSE,Male,198,198
20,Cantonese,WS,FALSE,Male,23,23
20,Cantonese,WS,FALSE,Male,202,202
20,Cantonese,WS,FALSE,Male,464,464
20,Cantonese,WS,FALSE,Male,126,126
20,Cantonese,WS,FALSE,Male,429,429
20,Cantonese,WS,FALSE,Male,23,23
20,Cantonese,WS,FALSE,Female,267,267
20,Cantonese,WS,FALSE,Female,151,151
20,Cantonese,WS,FALSE,Female,50,50
20,Cantonese,WS,FALSE,Female,323,323
20,Cantonese,WS,FALSE,Female,32,32
20,Cantonese,WS,FALSE,Female,102,102
20,Cantonese,WS,FALSE,Female,310,310
21,Cantonese,WS,FALSE,Male,2,2
21,Cantonese,WS,FALSE,Male,9,9
21,Cantonese,WS,FALSE,Male,328,328
21,Cantonese,WS,FALSE,Female,6,6
21,Cantonese,WS,FALSE,Female,191,191
21,Cantonese,WS,FALSE,Female,480,480
21,Cantonese,WS,FALSE,Female,206,206
21,Cantonese,WS,FALSE,Female,36,36
21,Cantonese,WS,FALSE,Female,12,12
22,Cantonese,WS,FALSE,Male,6,6
22,Cantonese,WS,FALSE,Male,85,85
22,Cantonese,WS,FALSE,Male,19,19
22,Cantonese,WS,FALSE,Male,144,144
22,Cantonese,WS,FALSE,Male,24,24
22,Cantonese,WS,FALSE,Male,495,495
22,Cantonese,WS,FALSE,Female,39,39
22,Cantonese,WS,FALSE,Female,616,616
22,Cantonese,WS,FALSE,Female,407,407
22,Cantonese,WS,FALSE,Female,392,392
23,Cantonese,WS,FALSE,Male,8,8
23,Cantonese,WS,FALSE,Male,145,145
23,Cantonese,WS,FALSE,Male,118,118
23,Cantonese,WS,FALSE,Male,183,183
23,Cantonese,WS,FALSE,Male,443,443
23,Cantonese,WS,FALSE,Female,13,13
23,Cantonese,WS,FALSE,Female,526,526
23,Cantonese,WS,FALSE,Female,372,372
23,Cantonese,WS,FALSE,Female,147,147
23,Cantonese,WS,FALSE,Female,565,565
23,Cantonese,WS,FALSE,Female,216,216
23,Cantonese,WS,FALSE,Female,165,165
24,Cantonese,WS,FALSE,Male,474,474
24,Cantonese,WS,FALSE,Male,241,241
24,Cantonese,WS,FALSE,Male,15,15
24,Cantonese,WS,FALSE,Male,411,411
24,Cantonese,WS,FALSE,Male,253,253
24,Cantonese,WS,FALSE,Male,328,328
24,Cantonese,WS,FALSE,Female,332,332
24,Cantonese,WS,FALSE,Female,404,404
24,Cantonese,WS,FALSE,Female,39,39
24,Cantonese,WS,FALSE,Female,239,239
24,Cantonese,WS,FALSE,Female,604,604
24,Cantonese,WS,FALSE,Female,372,372
25,Cantonese,WS,FALSE,Male,353,353
25,Cantonese,WS,FALSE,Male,237,237
25,Cantonese,WS,FALSE,Male,611,611
25,Cantonese,WS,FALSE,Male,56,56
25,Cantonese,WS,FALSE,Male,221,221
25,Cantonese,WS,FALSE,Female,473,473
25,Cantonese,WS,FALSE,Female,333,333
25,Cantonese,WS,FALSE,Female,445,445
25,Cantonese,WS,FALSE,Female,401,401
26,Cantonese,WS,FALSE,Male,94,94
26,Cantonese,WS,FALSE,Male,120,120
26,Cantonese,WS,FALSE,Male,171,171
26,Cantonese,WS,FALSE,Male,361,361
26,Cantonese,WS,FALSE,Male,64,64
26,Cantonese,WS,FALSE,Male,468,468
26,Cantonese,WS,FALSE,Male,326,326
26,Cantonese,WS,FALSE,Female,157,157
26,Cantonese,WS,FALSE,Female,522,522
26,Cantonese,WS,FALSE,Female,464,464
26,Cantonese,WS,FALSE,Female,648,648
26,Cantonese,WS,FALSE,Female,707,707
27,Cantonese,WS,FALSE,Male,563,563
27,Cantonese,WS,FALSE,Male,20,20
27,Cantonese,WS,FALSE,Male,472,472
27,Cantonese,WS,FALSE,Male,610,610
27,Cantonese,WS,FALSE,Male,208,208
27,Cantonese,WS,FALSE,Male,453,453
27,Cantonese,WS,FALSE,Female,413,413
27,Cantonese,WS,FALSE,Female,189,189
27,Cantonese,WS,FALSE,Female,727,727
27,Cantonese,WS,FALSE,Female,151,151
27,Cantonese,WS,FALSE,Female,338,338
28,Cantonese,WS,FALSE,Male,485,485
28,Cantonese,WS,FALSE,Male,527,527
28,Cantonese,WS,FALSE,Male,37,37
28,Cantonese,WS,FALSE,Male,532,532
28,Cantonese,WS,FALSE,Male,605,605
28,Cantonese,WS,FALSE,Male,731,731
28,Cantonese,WS,FALSE,Male,494,494
28,Cantonese,WS,FALSE,Female,549,549
28,Cantonese,WS,FALSE,Female,147,147
29,Cantonese,WS,FALSE,Male,177,177
29,Cantonese,WS,FALSE,Male,604,604
29,Cantonese,WS,FALSE,Male,542,542
29,Cantonese,WS,FALSE,Male,464,464
29,Cantonese,WS,FALSE,Male,618,618
29,Cantonese,WS,FALSE,Male,438,438
29,Cantonese,WS,FALSE,Male,432,432
29,Cantonese,WS,FALSE,Female,555,555
29,Cantonese,WS,FALSE,Female,665,665
29,Cantonese,WS,FALSE,Female,489,489
29,Cantonese,WS,FALSE,Female,691,691
29,Cantonese,WS,FALSE,Female,641,641
29,Cantonese,WS,FALSE,Female,406,406
30,Cantonese,WS,FALSE,Male,437,437
30,Cantonese,WS,FALSE,Male,438,438
30,Cantonese,WS,FALSE,Male,518,518
30,Cantonese,WS,FALSE,Male,754,754
30,Cantonese,WS,FALSE,Male,672,672
30,Cantonese,WS,FALSE,Male,566,566
30,Cantonese,WS,FALSE,Male,194,194
30,Cantonese,WS,FALSE,Female,536,536
30,Cantonese,WS,FALSE,Female,235,235
30,Cantonese,WS,FALSE,Female,269,269
30,Cantonese,WS,FALSE,Female,703,703
30,Cantonese,WS,FALSE,Female,468,468
30,Cantonese,WS,FALSE,Female,688,688
30,Cantonese,WS,FALSE,Female,574,574
16,Cantonese,WS,FALSE,Male,5,5
16,Cantonese,WS,FALSE,Male,12,12
16,Cantonese,WS,FALSE,Male,12,12
16,Cantonese,WS,FALSE,Female,37,37
17,Cantonese,WS,FALSE,Male,144,144
17,Cantonese,WS,FALSE,Male,26,26
17,Cantonese,WS,FALSE,Male,7,7
17,Cantonese,WS,FALSE,Male,26,26
17,Cantonese,WS,FALSE,Female,383,383
17,Cantonese,WS,FALSE,Female,12,12
17,Cantonese,WS,FALSE,Female,28,28
17,Cantonese,WS,FALSE,Female,2,2
17,Cantonese,WS,FALSE,Female,42,42
17,Cantonese,WS,FALSE,Female,60,60
17,Cantonese,WS,FALSE,Female,107,107
18,Cantonese,WS,FALSE,Male,8,8
18,Cantonese,WS,FALSE,Male,27,27
18,Cantonese,WS,FALSE,Male,28,28
18,Cantonese,WS,FALSE,Male,135,135
18,Cantonese,WS,FALSE,Male,0,0
18,Cantonese,WS,FALSE,Male,28,28
18,Cantonese,WS,FALSE,Male,121,121
18,Cantonese,WS,FALSE,Male,31,31
18,Cantonese,WS,FALSE,Male,7,7
18,Cantonese,WS,FALSE,Female,29,29
18,Cantonese,WS,FALSE,Female,212,212
18,Cantonese,WS,FALSE,Female,26,26
18,Cantonese,WS,FALSE,Female,99,99
18,Cantonese,WS,FALSE,Female,326,326
18,Cantonese,WS,FALSE,Female,48,48
18,Cantonese,WS,FALSE,Female,88,88
18,Cantonese,WS,FALSE,Female,248,248
18,Cantonese,WS,FALSE,Female,36,36
18,Cantonese,WS,FALSE,Female,38,38
18,Cantonese,WS,FALSE,Female,36,36
19,Cantonese,WS,FALSE,Male,56,56
19,Cantonese,WS,FALSE,Male,17,17
19,Cantonese,WS,FALSE,Male,12,12
19,Cantonese,WS,FALSE,Male,5,5
19,Cantonese,WS,FALSE,Male,18,18
19,Cantonese,WS,FALSE,Male,69,69
19,Cantonese,WS,FALSE,Female,16,16
19,Cantonese,WS,FALSE,Female,50,50
19,Cantonese,WS,FALSE,Female,199,199
19,Cantonese,WS,FALSE,Female,25,25
19,Cantonese,WS,FALSE,Female,179,179
19,Cantonese,WS,FALSE,Female,192,192
19,Cantonese,WS,FALSE,Female,128,128
20,Cantonese,WS,FALSE,Male,40,40
20,Cantonese,WS,FALSE,Male,54,54
20,Cantonese,WS,FALSE,Male,348,348
20,Cantonese,WS,FALSE,Male,35,35
20,Cantonese,WS,FALSE,Male,229,229
20,Cantonese,WS,FALSE,Male,97,97
20,Cantonese,WS,FALSE,Male,18,18
20,Cantonese,WS,FALSE,Male,44,44
20,Cantonese,WS,FALSE,Male,183,183
20,Cantonese,WS,FALSE,Male,152,152
20,Cantonese,WS,FALSE,Male,53,53
20,Cantonese,WS,FALSE,Male,118,118
20,Cantonese,WS,FALSE,Male,9,9
20,Cantonese,WS,FALSE,Female,121,121
20,Cantonese,WS,FALSE,Female,53,53
20,Cantonese,WS,FALSE,Female,44,44
20,Cantonese,WS,FALSE,Female,70,70
20,Cantonese,WS,FALSE,Female,54,54
20,Cantonese,WS,FALSE,Female,13,13
20,Cantonese,WS,FALSE,Female,299,299
20,Cantonese,WS,FALSE,Female,181,181
21,Cantonese,WS,FALSE,Male,322,322
21,Cantonese,WS,FALSE,Male,195,195
21,Cantonese,WS,FALSE,Male,314,314
21,Cantonese,WS,FALSE,Male,80,80
21,Cantonese,WS,FALSE,Male,170,170
21,Cantonese,WS,FALSE,Female,109,109
21,Cantonese,WS,FALSE,Female,270,270
21,Cantonese,WS,FALSE,Female,155,155
21,Cantonese,WS,FALSE,Female,64,64
21,Cantonese,WS,FALSE,Female,189,189
21,Cantonese,WS,FALSE,Female,243,243
21,Cantonese,WS,FALSE,Female,51,51
22,Cantonese,WS,FALSE,Male,82,82
22,Cantonese,WS,FALSE,Male,91,91
22,Cantonese,WS,FALSE,Male,41,41
22,Cantonese,WS,FALSE,Male,230,230
22,Cantonese,WS,FALSE,Female,22,22
22,Cantonese,WS,FALSE,Female,200,200
22,Cantonese,WS,FALSE,Female,346,346
22,Cantonese,WS,FALSE,Female,218,218
22,Cantonese,WS,FALSE,Female,362,362
23,Cantonese,WS,FALSE,Male,358,358
23,Cantonese,WS,FALSE,Male,614,614
23,Cantonese,WS,FALSE,Male,47,47
23,Cantonese,WS,FALSE,Male,53,53
23,Cantonese,WS,FALSE,Male,234,234
23,Cantonese,WS,FALSE,Male,495,495
23,Cantonese,WS,FALSE,Female,542,542
23,Cantonese,WS,FALSE,Female,458,458
23,Cantonese,WS,FALSE,Female,646,646
23,Cantonese,WS,FALSE,Female,416,416
23,Cantonese,WS,FALSE,Female,333,333
23,Cantonese,WS,FALSE,Female,256,256
23,Cantonese,WS,FALSE,Female,143,143
23,Cantonese,WS,FALSE,Female,39,39
23,Cantonese,WS,FALSE,Female,87,87
23,Cantonese,WS,FALSE,Female,441,441
23,Cantonese,WS,FALSE,Female,500,500
24,Cantonese,WS,FALSE,Male,310,310
24,Cantonese,WS,FALSE,Male,432,432
24,Cantonese,WS,FALSE,Male,483,483
24,Cantonese,WS,FALSE,Male,538,538
24,Cantonese,WS,FALSE,Female,527,527
24,Cantonese,WS,FALSE,Female,372,372
24,Cantonese,WS,FALSE,Female,513,513
24,Cantonese,WS,FALSE,Female,463,463
24,Cantonese,WS,FALSE,Female,727,727
24,Cantonese,WS,FALSE,Female,361,361
24,Cantonese,WS,FALSE,Female,130,130
25,Cantonese,WS,FALSE,Male,589,589
25,Cantonese,WS,FALSE,Male,226,226
25,Cantonese,WS,FALSE,Male,244,244
25,Cantonese,WS,FALSE,Male,56,56
25,Cantonese,WS,FALSE,Male,634,634
25,Cantonese,WS,FALSE,Male,465,465
25,Cantonese,WS,FALSE,Male,181,181
25,Cantonese,WS,FALSE,Male,276,276
25,Cantonese,WS,FALSE,Male,352,352
25,Cantonese,WS,FALSE,Male,344,344
25,Cantonese,WS,FALSE,Male,193,193
25,Cantonese,WS,FALSE,Female,590,590
25,Cantonese,WS,FALSE,Female,61,61
25,Cantonese,WS,FALSE,Female,125,125
25,Cantonese,WS,FALSE,Female,434,434
25,Cantonese,WS,FALSE,Female,282,282
25,Cantonese,WS,FALSE,Female,16,16
25,Cantonese,WS,FALSE,Female,506,506
25,Cantonese,WS,FALSE,Female,309,309
25,Cantonese,WS,FALSE,Female,455,455
26,Cantonese,WS,FALSE,Male,525,525
26,Cantonese,WS,FALSE,Male,653,653
26,Cantonese,WS,FALSE,Male,24,24
26,Cantonese,WS,FALSE,Male,15,15
26,Cantonese,WS,FALSE,Male,627,627
26,Cantonese,WS,FALSE,Female,470,470
26,Cantonese,WS,FALSE,Female,610,610
26,Cantonese,WS,FALSE,Female,564,564
26,Cantonese,WS,FALSE,Female,410,410
26,Cantonese,WS,FALSE,Female,348,348
27,Cantonese,WS,FALSE,Male,546,546
27,Cantonese,WS,FALSE,Male,752,752
27,Cantonese,WS,FALSE,Male,311,311
27,Cantonese,WS,FALSE,Male,309,309
27,Cantonese,WS,FALSE,Female,519,519
27,Cantonese,WS,FALSE,Female,627,627
27,Cantonese,WS,FALSE,Female,495,495
27,Cantonese,WS,FALSE,Female,441,441
27,Cantonese,WS,FALSE,Female,340,340
28,Cantonese,WS,FALSE,Male,316,316
28,Cantonese,WS,FALSE,Male,602,602
28,Cantonese,WS,FALSE,Male,581,581
28,Cantonese,WS,FALSE,Female,438,438
28,Cantonese,WS,FALSE,Female,557,557
28,Cantonese,WS,FALSE,Female,522,522
29,Cantonese,WS,FALSE,Male,480,480
29,Cantonese,WS,FALSE,Male,577,577
29,Cantonese,WS,FALSE,Male,506,506
29,Cantonese,WS,FALSE,Male,19,19
29,Cantonese,WS,FALSE,Male,437,437
29,Cantonese,WS,FALSE,Female,626,626
29,Cantonese,WS,FALSE,Female,551,551
29,Cantonese,WS,FALSE,Female,223,223
29,Cantonese,WS,FALSE,Female,297,297
29,Cantonese,WS,FALSE,Female,407,407
29,Cantonese,WS,FALSE,Female,435,435
29,Cantonese,WS,FALSE,Female,347,347
30,Cantonese,WS,FALSE,Male,549,549
30,Cantonese,WS,FALSE,Male,101,101
30,Cantonese,WS,FALSE,Male,469,469
30,Cantonese,WS,FALSE,Male,495,495
30,Cantonese,WS,FALSE,Male,65,65
30,Cantonese,WS,FALSE,Male,75,75
30,Cantonese,WS,FALSE,Male,653,653
30,Cantonese,WS,FALSE,Female,470,470
30,Cantonese,WS,FALSE,Female,479,479
30,Cantonese,WS,FALSE,Female,374,374
30,Cantonese,WS,FALSE,Female,339,339
30,Cantonese,WS,FALSE,Female,709,709
16,Cantonese,WS,FALSE,Male,17,17
16,Cantonese,WS,FALSE,Male,76,76
16,Cantonese,WS,FALSE,Male,19,19
16,Cantonese,WS,FALSE,Female,130,130
16,Cantonese,WS,FALSE,Female,57,57
17,Cantonese,WS,FALSE,Male,14,14
17,Cantonese,WS,FALSE,Male,50,50
17,Cantonese,WS,FALSE,Male,197,197
17,Cantonese,WS,FALSE,Male,15,15
17,Cantonese,WS,FALSE,Male,21,21
17,Cantonese,WS,FALSE,Male,22,22
17,Cantonese,WS,FALSE,Male,189,189
17,Cantonese,WS,FALSE,Female,130,130
17,Cantonese,WS,FALSE,Female,80,80
17,Cantonese,WS,FALSE,Female,30,30
17,Cantonese,WS,FALSE,Female,205,205
17,Cantonese,WS,FALSE,Female,108,108
18,Cantonese,WS,FALSE,Male,11,11
18,Cantonese,WS,FALSE,Male,7,7
18,Cantonese,WS,FALSE,Male,169,169
18,Cantonese,WS,FALSE,Male,11,11
18,Cantonese,WS,FALSE,Female,41,41
18,Cantonese,WS,FALSE,Female,346,346
18,Cantonese,WS,FALSE,Female,48,48
18,Cantonese,WS,FALSE,Female,150,150
18,Cantonese,WS,FALSE,Female,111,111
19,Cantonese,WS,FALSE,Male,196,196
19,Cantonese,WS,FALSE,Male,288,288
19,Cantonese,WS,FALSE,Male,53,53
19,Cantonese,WS,FALSE,Male,35,35
19,Cantonese,WS,FALSE,Male,20,20
19,Cantonese,WS,FALSE,Male,92,92
19,Cantonese,WS,FALSE,Male,106,106
19,Cantonese,WS,FALSE,Male,361,361
19,Cantonese,WS,FALSE,Female,36,36
19,Cantonese,WS,FALSE,Female,5,5
19,Cantonese,WS,FALSE,Female,101,101
19,Cantonese,WS,FALSE,Female,99,99
20,Cantonese,WS,FALSE,Male,381,381
20,Cantonese,WS,FALSE,Male,384,384
20,Cantonese,WS,FALSE,Male,51,51
20,Cantonese,WS,FALSE,Male,256,256
20,Cantonese,WS,FALSE,Female,383,383
20,Cantonese,WS,FALSE,Female,148,148
20,Cantonese,WS,FALSE,Female,229,229
20,Cantonese,WS,FALSE,Female,178,178
21,Cantonese,WS,FALSE,Male,42,42
21,Cantonese,WS,FALSE,Male,44,44
21,Cantonese,WS,FALSE,Male,218,218
21,Cantonese,WS,FALSE,Male,22,22
21,Cantonese,WS,FALSE,Male,19,19
21,Cantonese,WS,FALSE,Male,468,468
21,Cantonese,WS,FALSE,Female,47,47
21,Cantonese,WS,FALSE,Female,199,199
21,Cantonese,WS,FALSE,Female,384,384
21,Cantonese,WS,FALSE,Female,282,282
21,Cantonese,WS,FALSE,Female,178,178
21,Cantonese,WS,FALSE,Female,26,26
21,Cantonese,WS,FALSE,Female,204,204
22,Cantonese,WS,FALSE,Male,13,13
22,Cantonese,WS,FALSE,Male,164,164
22,Cantonese,WS,FALSE,Male,102,102
22,Cantonese,WS,FALSE,Male,198,198
22,Cantonese,WS,FALSE,Female,451,451
22,Cantonese,WS,FALSE,Female,202,202
22,Cantonese,WS,FALSE,Female,414,414
22,Cantonese,WS,FALSE,Female,34,34
22,Cantonese,WS,FALSE,Female,332,332
22,Cantonese,WS,FALSE,Female,261,261
22,Cantonese,WS,FALSE,Female,108,108
23,Cantonese,WS,FALSE,Male,67,67
23,Cantonese,WS,FALSE,Male,82,82
23,Cantonese,WS,FALSE,Male,10,10
23,Cantonese,WS,FALSE,Male,376,376
23,Cantonese,WS,FALSE,Male,311,311
23,Cantonese,WS,FALSE,Male,79,79
23,Cantonese,WS,FALSE,Male,216,216
23,Cantonese,WS,FALSE,Female,267,267
23,Cantonese,WS,FALSE,Female,698,698
23,Cantonese,WS,FALSE,Female,423,423
24,Cantonese,WS,FALSE,Male,29,29
24,Cantonese,WS,FALSE,Male,33,33
24,Cantonese,WS,FALSE,Male,321,321
24,Cantonese,WS,FALSE,Male,545,545
24,Cantonese,WS,FALSE,Male,81,81
24,Cantonese,WS,FALSE,Male,317,317
24,Cantonese,WS,FALSE,Male,72,72
24,Cantonese,WS,FALSE,Male,518,518
24,Cantonese,WS,FALSE,Female,169,169
24,Cantonese,WS,FALSE,Female,301,301
24,Cantonese,WS,FALSE,Female,215,215
24,Cantonese,WS,FALSE,Female,399,399
24,Cantonese,WS,FALSE,Female,33,33
24,Cantonese,WS,FALSE,Female,213,213
24,Cantonese,WS,FALSE,Female,69,69
24,Cantonese,WS,FALSE,Female,492,492
25,Cantonese,WS,FALSE,Male,371,371
25,Cantonese,WS,FALSE,Male,453,453
25,Cantonese,WS,FALSE,Male,264,264
25,Cantonese,WS,FALSE,Female,682,682
25,Cantonese,WS,FALSE,Female,294,294
25,Cantonese,WS,FALSE,Female,316,316
25,Cantonese,WS,FALSE,Female,403,403
26,Cantonese,WS,FALSE,Male,103,103
26,Cantonese,WS,FALSE,Male,101,101
26,Cantonese,WS,FALSE,Male,502,502
26,Cantonese,WS,FALSE,Male,675,675
26,Cantonese,WS,FALSE,Male,470,470
26,Cantonese,WS,FALSE,Male,696,696
26,Cantonese,WS,FALSE,Male,144,144
26,Cantonese,WS,FALSE,Male,497,497
26,Cantonese,WS,FALSE,Female,210,210
26,Cantonese,WS,FALSE,Female,137,137
26,Cantonese,WS,FALSE,Female,646,646
26,Cantonese,WS,FALSE,Female,517,517
26,Cantonese,WS,FALSE,Female,286,286
27,Cantonese,WS,FALSE,Male,555,555
27,Cantonese,WS,FALSE,Male,134,134
27,Cantonese,WS,FALSE,Male,553,553
27,Cantonese,WS,FALSE,Male,256,256
27,Cantonese,WS,FALSE,Male,501,501
27,Cantonese,WS,FALSE,Male,281,281
27,Cantonese,WS,FALSE,Male,384,384
27,Cantonese,WS,FALSE,Male,405,405
27,Cantonese,WS,FALSE,Female,430,430
27,Cantonese,WS,FALSE,Female,341,341
27,Cantonese,WS,FALSE,Female,190,190
27,Cantonese,WS,FALSE,Female,571,571
27,Cantonese,WS,FALSE,Female,246,246
27,Cantonese,WS,FALSE,Female,404,404
28,Cantonese,WS,FALSE,Male,604,604
28,Cantonese,WS,FALSE,Male,435,435
28,Cantonese,WS,FALSE,Male,514,514
28,Cantonese,WS,FALSE,Male,473,473
28,Cantonese,WS,FALSE,Male,190,190
28,Cantonese,WS,FALSE,Male,500,500
28,Cantonese,WS,FALSE,Male,691,691
28,Cantonese,WS,FALSE,Male,463,463
28,Cantonese,WS,FALSE,Male,143,143
28,Cantonese,WS,FALSE,Male,599,599
28,Cantonese,WS,FALSE,Female,646,646
28,Cantonese,WS,FALSE,Female,283,283
28,Cantonese,WS,FALSE,Female,434,434
28,Cantonese,WS,FALSE,Female,262,262
28,Cantonese,WS,FALSE,Female,459,459
28,Cantonese,WS,FALSE,Female,500,500
28,Cantonese,WS,FALSE,Female,533,533
28,Cantonese,WS,FALSE,Female,356,356
29,Cantonese,WS,FALSE,Male,548,548
29,Cantonese,WS,FALSE,Male,695,695
29,Cantonese,WS,FALSE,Male,700,700
29,Cantonese,WS,FALSE,Male,750,750
29,Cantonese,WS,FALSE,Male,385,385
29,Cantonese,WS,FALSE,Male,173,173
29,Cantonese,WS,FALSE,Female,763,763
29,Cantonese,WS,FALSE,Female,668,668
29,Cantonese,WS,FALSE,Female,526,526
29,Cantonese,WS,FALSE,Female,454,454
29,Cantonese,WS,FALSE,Female,697,697
29,Cantonese,WS,FALSE,Female,500,500
29,Cantonese,WS,FALSE,Female,509,509
30,Cantonese,WS,FALSE,Male,147,147
30,Cantonese,WS,FALSE,Male,571,571
30,Cantonese,WS,FALSE,Male,339,339
30,Cantonese,WS,FALSE,Male,374,374
30,Cantonese,WS,FALSE,Male,573,573
30,Cantonese,WS,FALSE,Male,550,550
30,Cantonese,WS,FALSE,Male,554,554
30,Cantonese,WS,FALSE,Male,695,695
30,Cantonese,WS,FALSE,Male,561,561
30,Cantonese,WS,FALSE,Female,405,405
30,Cantonese,WS,FALSE,Female,658,658
30,Cantonese,WS,FALSE,Female,496,496
30,Cantonese,WS,FALSE,Female,547,547
30,Cantonese,WS,FALSE,Female,650,650
30,Cantonese,WS,FALSE,Female,540,540
30,Cantonese,WS,FALSE,Female,300,300
30,Cantonese,WS,FALSE,Female,48,48
16,Cantonese,WS,FALSE,Male,16,16
16,Cantonese,WS,FALSE,Male,22,22
16,Cantonese,WS,FALSE,Male,31,31
16,Cantonese,WS,FALSE,Female,28,28
16,Cantonese,WS,FALSE,Female,12,12
17,Cantonese,WS,FALSE,Male,12,12
17,Cantonese,WS,FALSE,Male,7,7
17,Cantonese,WS,FALSE,Male,35,35
17,Cantonese,WS,FALSE,Female,55,55
17,Cantonese,WS,FALSE,Female,29,29
18,Cantonese,WS,FALSE,Male,0,0
18,Cantonese,WS,FALSE,Male,36,36
18,Cantonese,WS,FALSE,Male,28,28
18,Cantonese,WS,FALSE,Male,69,69
18,Cantonese,WS,FALSE,Female,388,388
19,Cantonese,WS,FALSE,Male,11,11
19,Cantonese,WS,FALSE,Male,7,7
19,Cantonese,WS,FALSE,Male,3,3
19,Cantonese,WS,FALSE,Female,79,79
19,Cantonese,WS,FALSE,Female,15,15
19,Cantonese,WS,FALSE,Female,36,36
19,Cantonese,WS,FALSE,Female,299,299
20,Cantonese,WS,FALSE,Male,6,6
20,Cantonese,WS,FALSE,Male,221,221
20,Cantonese,WS,FALSE,Female,75,75
20,Cantonese,WS,FALSE,Female,237,237
20,Cantonese,WS,FALSE,Female,146,146
20,Cantonese,WS,FALSE,Female,32,32
20,Cantonese,WS,FALSE,Female,42,42
21,Cantonese,WS,FALSE,Male,127,127
21,Cantonese,WS,FALSE,Male,7,7
21,Cantonese,WS,FALSE,Male,21,21
21,Cantonese,WS,FALSE,Male,36,36
21,Cantonese,WS,FALSE,Male,131,131
21,Cantonese,WS,FALSE,Male,9,9
21,Cantonese,WS,FALSE,Male,275,275
21,Cantonese,WS,FALSE,Male,352,352
21,Cantonese,WS,FALSE,Male,253,253
21,Cantonese,WS,FALSE,Female,269,269
21,Cantonese,WS,FALSE,Female,82,82
21,Cantonese,WS,FALSE,Female,170,170
21,Cantonese,WS,FALSE,Female,68,68
21,Cantonese,WS,FALSE,Female,68,68
21,Cantonese,WS,FALSE,Female,64,64
21,Cantonese,WS,FALSE,Female,122,122
21,Cantonese,WS,FALSE,Female,120,120
21,Cantonese,WS,FALSE,Female,13,13
22,Cantonese,WS,FALSE,Male,196,196
22,Cantonese,WS,FALSE,Male,122,122
22,Cantonese,WS,FALSE,Male,157,157
22,Cantonese,WS,FALSE,Male,112,112
22,Cantonese,WS,FALSE,Male,393,393
22,Cantonese,WS,FALSE,Male,16,16
22,Cantonese,WS,FALSE,Male,84,84
22,Cantonese,WS,FALSE,Male,51,51
22,Cantonese,WS,FALSE,Female,76,76
22,Cantonese,WS,FALSE,Female,152,152
22,Cantonese,WS,FALSE,Female,617,617
22,Cantonese,WS,FALSE,Female,81,81
22,Cantonese,WS,FALSE,Female,590,590
23,Cantonese,WS,FALSE,Male,557,557
23,Cantonese,WS,FALSE,Male,121,121
23,Cantonese,WS,FALSE,Male,113,113
23,Cantonese,WS,FALSE,Male,184,184
23,Cantonese,WS,FALSE,Male,61,61
23,Cantonese,WS,FALSE,Male,73,73
23,Cantonese,WS,FALSE,Male,43,43
23,Cantonese,WS,FALSE,Male,334,334
23,Cantonese,WS,FALSE,Male,36,36
23,Cantonese,WS,FALSE,Female,383,383
23,Cantonese,WS,FALSE,Female,258,258
23,Cantonese,WS,FALSE,Female,568,568
23,Cantonese,WS,FALSE,Female,60,60
23,Cantonese,WS,FALSE,Female,99,99
23,Cantonese,WS,FALSE,Female,164,164
23,Cantonese,WS,FALSE,Female,310,310
23,Cantonese,WS,FALSE,Female,191,191
24,Cantonese,WS,FALSE,Male,75,75
24,Cantonese,WS,FALSE,Male,8,8
24,Cantonese,WS,FALSE,Male,317,317
24,Cantonese,WS,FALSE,Male,278,278
24,Cantonese,WS,FALSE,Male,118,118
24,Cantonese,WS,FALSE,Male,156,156
24,Cantonese,WS,FALSE,Male,319,319
24,Cantonese,WS,FALSE,Male,432,432
24,Cantonese,WS,FALSE,Female,213,213
24,Cantonese,WS,FALSE,Female,542,542
24,Cantonese,WS,FALSE,Female,72,72
25,Cantonese,WS,FALSE,Male,208,208
25,Cantonese,WS,FALSE,Male,323,323
25,Cantonese,WS,FALSE,Male,181,181
25,Cantonese,WS,FALSE,Male,378,378
25,Cantonese,WS,FALSE,Male,328,328
25,Cantonese,WS,FALSE,Male,542,542
25,Cantonese,WS,FALSE,Male,184,184
25,Cantonese,WS,FALSE,Female,275,275
25,Cantonese,WS,FALSE,Female,369,369
25,Cantonese,WS,FALSE,Female,438,438
25,Cantonese,WS,FALSE,Female,274,274
26,Cantonese,WS,FALSE,Male,366,366
26,Cantonese,WS,FALSE,Male,183,183
26,Cantonese,WS,FALSE,Male,539,539
26,Cantonese,WS,FALSE,Male,473,473
26,Cantonese,WS,FALSE,Male,595,595
26,Cantonese,WS,FALSE,Male,468,468
26,Cantonese,WS,FALSE,Female,206,206
26,Cantonese,WS,FALSE,Female,30,30
26,Cantonese,WS,FALSE,Female,760,760
26,Cantonese,WS,FALSE,Female,545,545
26,Cantonese,WS,FALSE,Female,103,103
27,Cantonese,WS,FALSE,Male,318,318
27,Cantonese,WS,FALSE,Male,647,647
27,Cantonese,WS,FALSE,Male,448,448
27,Cantonese,WS,FALSE,Male,340,340
27,Cantonese,WS,FALSE,Female,571,571
27,Cantonese,WS,FALSE,Female,549,549
28,Cantonese,WS,FALSE,Male,26,26
28,Cantonese,WS,FALSE,Male,418,418
28,Cantonese,WS,FALSE,Male,497,497
28,Cantonese,WS,FALSE,Male,102,102
28,Cantonese,WS,FALSE,Male,478,478
28,Cantonese,WS,FALSE,Female,698,698
28,Cantonese,WS,FALSE,Female,654,654
28,Cantonese,WS,FALSE,Female,459,459
29,Cantonese,WS,FALSE,Male,631,631
29,Cantonese,WS,FALSE,Male,418,418
29,Cantonese,WS,FALSE,Male,464,464
29,Cantonese,WS,FALSE,Male,392,392
29,Cantonese,WS,FALSE,Male,89,89
29,Cantonese,WS,FALSE,Male,686,686
29,Cantonese,WS,FALSE,Female,361,361
29,Cantonese,WS,FALSE,Female,478,478
29,Cantonese,WS,FALSE,Female,681,681
29,Cantonese,WS,FALSE,Female,451,451
30,Cantonese,WS,FALSE,Male,393,393
30,Cantonese,WS,FALSE,Male,677,677
30,Cantonese,WS,FALSE,Male,551,551
30,Cantonese,WS,FALSE,Male,236,236
30,Cantonese,WS,FALSE,Female,793,793
30,Cantonese,WS,FALSE,Female,596,596
16,Cantonese,WS,FALSE,Male,89,89
16,Cantonese,WS,FALSE,Male,2,2
16,Cantonese,WS,FALSE,Male,10,10
16,Cantonese,WS,FALSE,Male,9,9
16,Cantonese,WS,FALSE,Male,70,70
16,Cantonese,WS,FALSE,Male,21,21
16,Cantonese,WS,FALSE,Male,73,73
16,Cantonese,WS,FALSE,Male,44,44
16,Cantonese,WS,FALSE,Male,10,10
16,Cantonese,WS,FALSE,Male,9,9
16,Cantonese,WS,FALSE,Female,26,26
16,Cantonese,WS,FALSE,Female,45,45
16,Cantonese,WS,FALSE,Female,5,5
16,Cantonese,WS,FALSE,Female,16,16
16,Cantonese,WS,FALSE,Female,15,15
16,Cantonese,WS,FALSE,Female,30,30
16,Cantonese,WS,FALSE,Female,60,60
16,Cantonese,WS,FALSE,Female,103,103
16,Cantonese,WS,FALSE,Female,10,10
16,Cantonese,WS,FALSE,Female,4,4
16,Cantonese,WS,FALSE,Female,44,44
16,Cantonese,WS,FALSE,Female,29,29
16,Cantonese,WS,FALSE,Female,18,18
17,Cantonese,WS,FALSE,Male,47,47
17,Cantonese,WS,FALSE,Male,5,5
17,Cantonese,WS,FALSE,Male,20,20
17,Cantonese,WS,FALSE,Male,86,86
17,Cantonese,WS,FALSE,Male,5,5
17,Cantonese,WS,FALSE,Male,264,264
17,Cantonese,WS,FALSE,Male,43,43
17,Cantonese,WS,FALSE,Male,19,19
17,Cantonese,WS,FALSE,Male,176,176
17,Cantonese,WS,FALSE,Female,11,11
17,Cantonese,WS,FALSE,Female,103,103
17,Cantonese,WS,FALSE,Female,32,32
17,Cantonese,WS,FALSE,Female,119,119
17,Cantonese,WS,FALSE,Female,135,135
17,Cantonese,WS,FALSE,Female,270,270
17,Cantonese,WS,FALSE,Female,35,35
17,Cantonese,WS,FALSE,Female,15,15
17,Cantonese,WS,FALSE,Female,56,56
18,Cantonese,WS,FALSE,Male,62,62
18,Cantonese,WS,FALSE,Male,6,6
18,Cantonese,WS,FALSE,Male,28,28
18,Cantonese,WS,FALSE,Male,182,182
18,Cantonese,WS,FALSE,Male,16,16
18,Cantonese,WS,FALSE,Male,26,26
18,Cantonese,WS,FALSE,Male,26,26
18,Cantonese,WS,FALSE,Male,1,1
18,Cantonese,WS,FALSE,Male,19,19
18,Cantonese,WS,FALSE,Female,155,155
18,Cantonese,WS,FALSE,Female,113,113
18,Cantonese,WS,FALSE,Female,162,162
18,Cantonese,WS,FALSE,Female,116,116
18,Cantonese,WS,FALSE,Female,74,74
18,Cantonese,WS,FALSE,Female,51,51
18,Cantonese,WS,FALSE,Female,7,7
18,Cantonese,WS,FALSE,Female,178,178
18,Cantonese,WS,FALSE,Female,21,21
19,Cantonese,WS,FALSE,Male,365,365
19,Cantonese,WS,FALSE,Male,223,223
19,Cantonese,WS,FALSE,Male,40,40
19,Cantonese,WS,FALSE,Male,115,115
19,Cantonese,WS,FALSE,Male,2,2
19,Cantonese,WS,FALSE,Male,144,144
19,Cantonese,WS,FALSE,Male,52,52
19,Cantonese,WS,FALSE,Male,9,9
19,Cantonese,WS,FALSE,Male,250,250
19,Cantonese,WS,FALSE,Male,134,134
19,Cantonese,WS,FALSE,Male,37,37
19,Cantonese,WS,FALSE,Male,21,21
19,Cantonese,WS,FALSE,Female,226,226
19,Cantonese,WS,FALSE,Female,76,76
19,Cantonese,WS,FALSE,Female,25,25
19,Cantonese,WS,FALSE,Female,26,26
19,Cantonese,WS,FALSE,Female,73,73
19,Cantonese,WS,FALSE,Female,44,44
19,Cantonese,WS,FALSE,Female,156,156
19,Cantonese,WS,FALSE,Female,29,29
20,Cantonese,WS,FALSE,Male,247,247
20,Cantonese,WS,FALSE,Male,115,115
20,Cantonese,WS,FALSE,Male,8,8
20,Cantonese,WS,FALSE,Male,93,93
20,Cantonese,WS,FALSE,Male,12,12
20,Cantonese,WS,FALSE,Male,40,40
20,Cantonese,WS,FALSE,Male,101,101
20,Cantonese,WS,FALSE,Male,327,327
20,Cantonese,WS,FALSE,Male,163,163
20,Cantonese,WS,FALSE,Male,30,30
20,Cantonese,WS,FALSE,Female,140,140
20,Cantonese,WS,FALSE,Female,137,137
20,Cantonese,WS,FALSE,Female,113,113
20,Cantonese,WS,FALSE,Female,230,230
20,Cantonese,WS,FALSE,Female,30,30
20,Cantonese,WS,FALSE,Female,193,193
20,Cantonese,WS,FALSE,Female,258,258
20,Cantonese,WS,FALSE,Female,273,273
20,Cantonese,WS,FALSE,Female,181,181
20,Cantonese,WS,FALSE,Female,321,321
20,Cantonese,WS,FALSE,Female,474,474
20,Cantonese,WS,FALSE,Female,135,135
20,Cantonese,WS,FALSE,Female,243,243
21,Cantonese,WS,FALSE,Male,70,70
21,Cantonese,WS,FALSE,Male,1,1
21,Cantonese,WS,FALSE,Male,15,15
21,Cantonese,WS,FALSE,Male,248,248
21,Cantonese,WS,FALSE,Male,92,92
21,Cantonese,WS,FALSE,Male,213,213
21,Cantonese,WS,FALSE,Male,471,471
21,Cantonese,WS,FALSE,Male,494,494
21,Cantonese,WS,FALSE,Male,115,115
21,Cantonese,WS,FALSE,Female,258,258
21,Cantonese,WS,FALSE,Female,366,366
21,Cantonese,WS,FALSE,Female,404,404
21,Cantonese,WS,FALSE,Female,235,235
21,Cantonese,WS,FALSE,Female,75,75
21,Cantonese,WS,FALSE,Female,411,411
21,Cantonese,WS,FALSE,Female,256,256
21,Cantonese,WS,FALSE,Female,201,201
21,Cantonese,WS,FALSE,Female,325,325
21,Cantonese,WS,FALSE,Female,5,5
21,Cantonese,WS,FALSE,Female,304,304
22,Cantonese,WS,FALSE,Male,76,76
22,Cantonese,WS,FALSE,Male,381,381
22,Cantonese,WS,FALSE,Male,233,233
22,Cantonese,WS,FALSE,Male,16,16
22,Cantonese,WS,FALSE,Male,377,377
22,Cantonese,WS,FALSE,Male,21,21
22,Cantonese,WS,FALSE,Male,70,70
22,Cantonese,WS,FALSE,Male,87,87
22,Cantonese,WS,FALSE,Male,286,286
22,Cantonese,WS,FALSE,Male,263,263
22,Cantonese,WS,FALSE,Female,85,85
22,Cantonese,WS,FALSE,Female,182,182
22,Cantonese,WS,FALSE,Female,32,32
22,Cantonese,WS,FALSE,Female,224,224
22,Cantonese,WS,FALSE,Female,191,191
22,Cantonese,WS,FALSE,Female,228,228
22,Cantonese,WS,FALSE,Female,592,592
22,Cantonese,WS,FALSE,Female,53,53
22,Cantonese,WS,FALSE,Female,408,408
22,Cantonese,WS,FALSE,Female,282,282
23,Cantonese,WS,FALSE,Male,70,70
23,Cantonese,WS,FALSE,Male,373,373
23,Cantonese,WS,FALSE,Male,243,243
23,Cantonese,WS,FALSE,Male,16,16
23,Cantonese,WS,FALSE,Male,53,53
23,Cantonese,WS,FALSE,Male,358,358
23,Cantonese,WS,FALSE,Male,344,344
23,Cantonese,WS,FALSE,Male,65,65
23,Cantonese,WS,FALSE,Male,239,239
23,Cantonese,WS,FALSE,Male,245,245
23,Cantonese,WS,FALSE,Female,105,105
23,Cantonese,WS,FALSE,Female,202,202
23,Cantonese,WS,FALSE,Female,342,342
23,Cantonese,WS,FALSE,Female,351,351
23,Cantonese,WS,FALSE,Female,455,455
23,Cantonese,WS,FALSE,Female,180,180
23,Cantonese,WS,FALSE,Female,78,78
23,Cantonese,WS,FALSE,Female,156,156
24,Cantonese,WS,FALSE,Male,283,283
24,Cantonese,WS,FALSE,Male,332,332
24,Cantonese,WS,FALSE,Male,128,128
24,Cantonese,WS,FALSE,Male,227,227
24,Cantonese,WS,FALSE,Male,413,413
24,Cantonese,WS,FALSE,Male,92,92
24,Cantonese,WS,FALSE,Male,514,514
24,Cantonese,WS,FALSE,Male,39,39
24,Cantonese,WS,FALSE,Male,406,406
24,Cantonese,WS,FALSE,Male,152,152
24,Cantonese,WS,FALSE,Female,169,169
24,Cantonese,WS,FALSE,Female,225,225
24,Cantonese,WS,FALSE,Female,312,312
24,Cantonese,WS,FALSE,Female,734,734
24,Cantonese,WS,FALSE,Female,265,265
24,Cantonese,WS,FALSE,Female,50,50
24,Cantonese,WS,FALSE,Female,556,556
24,Cantonese,WS,FALSE,Female,615,615
25,Cantonese,WS,FALSE,Male,263,263
25,Cantonese,WS,FALSE,Male,320,320
25,Cantonese,WS,FALSE,Male,582,582
25,Cantonese,WS,FALSE,Male,184,184
25,Cantonese,WS,FALSE,Male,448,448
25,Cantonese,WS,FALSE,Male,82,82
25,Cantonese,WS,FALSE,Male,631,631
25,Cantonese,WS,FALSE,Male,456,456
25,Cantonese,WS,FALSE,Female,472,472
25,Cantonese,WS,FALSE,Female,580,580
25,Cantonese,WS,FALSE,Female,169,169
25,Cantonese,WS,FALSE,Female,334,334
25,Cantonese,WS,FALSE,Female,686,686
25,Cantonese,WS,FALSE,Female,447,447
25,Cantonese,WS,FALSE,Female,571,571
25,Cantonese,WS,FALSE,Female,583,583
25,Cantonese,WS,FALSE,Female,101,101
25,Cantonese,WS,FALSE,Female,307,307
26,Cantonese,WS,FALSE,Male,200,200
26,Cantonese,WS,FALSE,Male,68,68
26,Cantonese,WS,FALSE,Male,618,618
26,Cantonese,WS,FALSE,Male,274,274
26,Cantonese,WS,FALSE,Male,431,431
26,Cantonese,WS,FALSE,Male,486,486
26,Cantonese,WS,FALSE,Male,368,368
26,Cantonese,WS,FALSE,Male,52,52
26,Cantonese,WS,FALSE,Male,569,569
26,Cantonese,WS,FALSE,Male,302,302
26,Cantonese,WS,FALSE,Male,223,223
26,Cantonese,WS,FALSE,Female,516,516
26,Cantonese,WS,FALSE,Female,470,470
26,Cantonese,WS,FALSE,Female,210,210
26,Cantonese,WS,FALSE,Female,164,164
26,Cantonese,WS,FALSE,Female,242,242
26,Cantonese,WS,FALSE,Female,343,343
26,Cantonese,WS,FALSE,Female,224,224
26,Cantonese,WS,FALSE,Female,604,604
26,Cantonese,WS,FALSE,Female,601,601
26,Cantonese,WS,FALSE,Female,385,385
27,Cantonese,WS,FALSE,Male,334,334
27,Cantonese,WS,FALSE,Male,173,173
27,Cantonese,WS,FALSE,Male,403,403
27,Cantonese,WS,FALSE,Male,375,375
27,Cantonese,WS,FALSE,Male,428,428
27,Cantonese,WS,FALSE,Male,181,181
27,Cantonese,WS,FALSE,Male,371,371
27,Cantonese,WS,FALSE,Male,696,696
27,Cantonese,WS,FALSE,Male,591,591
27,Cantonese,WS,FALSE,Female,430,430
27,Cantonese,WS,FALSE,Female,628,628
27,Cantonese,WS,FALSE,Female,579,579
27,Cantonese,WS,FALSE,Female,545,545
27,Cantonese,WS,FALSE,Female,161,161
27,Cantonese,WS,FALSE,Female,452,452
27,Cantonese,WS,FALSE,Female,179,179
27,Cantonese,WS,FALSE,Female,440,440
27,Cantonese,WS,FALSE,Female,671,671
27,Cantonese,WS,FALSE,Female,323,323
27,Cantonese,WS,FALSE,Female,565,565
27,Cantonese,WS,FALSE,Female,622,622
27,Cantonese,WS,FALSE,Female,608,608
28,Cantonese,WS,FALSE,Male,227,227
28,Cantonese,WS,FALSE,Male,416,416
28,Cantonese,WS,FALSE,Male,147,147
28,Cantonese,WS,FALSE,Male,467,467
28,Cantonese,WS,FALSE,Male,355,355
28,Cantonese,WS,FALSE,Male,513,513
28,Cantonese,WS,FALSE,Male,597,597
28,Cantonese,WS,FALSE,Male,298,298
28,Cantonese,WS,FALSE,Male,598,598
28,Cantonese,WS,FALSE,Female,464,464
28,Cantonese,WS,FALSE,Female,413,413
28,Cantonese,WS,FALSE,Female,373,373
28,Cantonese,WS,FALSE,Female,746,746
28,Cantonese,WS,FALSE,Female,455,455
28,Cantonese,WS,FALSE,Female,719,719
28,Cantonese,WS,FALSE,Female,667,667
28,Cantonese,WS,FALSE,Female,358,358
28,Cantonese,WS,FALSE,Female,716,716
28,Cantonese,WS,FALSE,Female,618,618
28,Cantonese,WS,FALSE,Female,304,304
28,Cantonese,WS,FALSE,Female,670,670
28,Cantonese,WS,FALSE,Female,588,588
28,Cantonese,WS,FALSE,Female,688,688
28,Cantonese,WS,FALSE,Female,598,598
28,Cantonese,WS,FALSE,Female,476,476
29,Cantonese,WS,FALSE,Male,729,729
29,Cantonese,WS,FALSE,Male,603,603
29,Cantonese,WS,FALSE,Male,496,496
29,Cantonese,WS,FALSE,Male,673,673
29,Cantonese,WS,FALSE,Male,438,438
29,Cantonese,WS,FALSE,Male,368,368
29,Cantonese,WS,FALSE,Male,448,448
29,Cantonese,WS,FALSE,Male,616,616
29,Cantonese,WS,FALSE,Male,661,661
29,Cantonese,WS,FALSE,Male,462,462
29,Cantonese,WS,FALSE,Male,636,636
29,Cantonese,WS,FALSE,Female,192,192
29,Cantonese,WS,FALSE,Female,755,755
29,Cantonese,WS,FALSE,Female,756,756
29,Cantonese,WS,FALSE,Female,659,659
29,Cantonese,WS,FALSE,Female,620,620
29,Cantonese,WS,FALSE,Female,722,722
29,Cantonese,WS,FALSE,Female,586,586
29,Cantonese,WS,FALSE,Female,450,450
29,Cantonese,WS,FALSE,Female,665,665
29,Cantonese,WS,FALSE,Female,529,529
29,Cantonese,WS,FALSE,Female,697,697
30,Cantonese,WS,FALSE,Male,587,587
30,Cantonese,WS,FALSE,Male,388,388
30,Cantonese,WS,FALSE,Male,755,755
30,Cantonese,WS,FALSE,Male,268,268
30,Cantonese,WS,FALSE,Male,535,535
30,Cantonese,WS,FALSE,Male,398,398
30,Cantonese,WS,FALSE,Male,684,684
30,Cantonese,WS,FALSE,Male,661,661
30,Cantonese,WS,FALSE,Male,786,786
30,Cantonese,WS,FALSE,Female,540,540
30,Cantonese,WS,FALSE,Female,624,624
30,Cantonese,WS,FALSE,Female,629,629
30,Cantonese,WS,FALSE,Female,494,494
30,Cantonese,WS,FALSE,Female,657,657
30,Cantonese,WS,FALSE,Female,631,631
30,Cantonese,WS,FALSE,Female,619,619
30,Cantonese,WS,FALSE,Female,449,449
30,Cantonese,WS,FALSE,Female,703,703
30,Cantonese,WS,FALSE,Female,316,316
